index,l1_loss,d_recon,d_fake,d_real,d_loss,cd_loss,loss1,loss2
0,11.043411254882812,-0.10568942129611969,0.15192577242851257,-38.62598419189453,-0.04623635113239288,0.11624559760093689,11.113420486450195,-51.43687438964844
1,9.994644165039062,-20.4254093170166,-9.313959121704102,-52.54839324951172,29.739368438720703,-0.042733725160360336,39.691280364990234,-66.39449310302734
2,8.550413131713867,-15.832557678222656,-11.81942081451416,-63.36688995361328,27.6519775390625,-0.20049211382865906,36.00189971923828,-88.7758560180664
3,7.571291923522949,-17.19976043701172,-16.96148109436035,-74.5914535522461,34.16123962402344,-0.35387974977493286,41.37865447998047,-100.0685043334961
4,6.865091800689697,-20.562917709350586,-18.966259002685547,-84.04364013671875,39.5291748046875,-0.4735664129257202,45.92070007324219,-127.83976745605469
5,6.514707088470459,-27.436092376708984,-27.50473403930664,-92.60481262207031,54.940826416015625,-0.6544930934906006,60.80104064941406,-146.6569061279297
6,6.114224433898926,-29.954252243041992,-32.461517333984375,-101.26908874511719,62.415771484375,-0.801956295967102,67.72804260253906,-156.03591918945312
7,5.216176509857178,-31.664566040039062,-32.98973846435547,-106.44223022460938,64.65430450439453,-0.9712668657302856,68.89921569824219,-164.5787811279297
8,3.848590850830078,-37.12413787841797,-33.88241958618164,-108.91085052490234,71.00656127929688,-1.070183277130127,73.78496551513672,-167.6824951171875
9,3.307201862335205,-38.268890380859375,-42.57164764404297,-122.14310455322266,80.84053802490234,-1.2490595579147339,82.898681640625,-195.35357666015625
10,3.375905752182007,-43.51811981201172,-43.692909240722656,-134.5175018310547,87.21102905273438,-1.4592792987823486,89.12765502929688,-201.3632354736328
11,3.5047483444213867,-35.853485107421875,-19.90110206604004,-99.11943817138672,55.75458526611328,-1.4994505643844604,57.759883880615234,-158.14511108398438
12,2.553532123565674,-43.77327346801758,-41.58305358886719,-106.59994506835938,85.3563232421875,-1.7006834745407104,86.20917510986328,-160.70974731445312
13,1.8641446828842163,-38.593868255615234,-46.76994323730469,-123.32223510742188,85.36381530761719,-1.9515767097473145,85.27638244628906,-137.99520874023438
14,1.4852855205535889,-10.129281997680664,-33.48487854003906,-120.75172424316406,43.614158630371094,-1.965183138847351,43.13426208496094,-129.3014373779297
15,1.5422539710998535,-16.19915771484375,-40.37317657470703,-146.5880584716797,56.57233428955078,-2.09488844871521,56.01970291137695,-207.51315307617188
16,1.615899682044983,-33.027427673339844,-54.253292083740234,-165.77325439453125,87.28071594238281,-2.3829665184020996,86.5136489868164,-253.0704345703125
17,1.5447685718536377,-46.97798538208008,-61.181758880615234,-168.82205200195312,108.15974426269531,-2.3896541595458984,107.31485748291016,-199.73764038085938
18,1.1856456995010376,-2.269441604614258,-59.804561614990234,-174.75100708007812,62.074005126953125,-2.748640298843384,60.511009216308594,-100.48825073242188
19,1.069913625717163,53.88064956665039,-4.049140930175781,-161.34437561035156,-49.83150863647461,-2.6759376525878906,-51.43753433227539,-126.57196044921875
20,1.127371907234192,27.889070510864258,-14.107237815856934,-148.0335693359375,-13.781832695007324,-2.8422775268554688,-15.49673843383789,-198.681640625
21,1.289205551147461,-26.252696990966797,-46.283668518066406,-173.7959442138672,72.53636169433594,-2.968792200088501,70.85677337646484,-257.2454833984375
22,1.207169771194458,-39.855064392089844,-63.1026611328125,-149.23858642578125,102.95772552490234,-3.3883559703826904,100.77653503417969,-257.0279846191406
23,1.140660047531128,-53.17006301879883,-67.71923065185547,-178.7465362548828,120.88929748535156,-3.2789523601531982,118.75100708007812,-256.551025390625
24,1.119309663772583,-40.92774200439453,-66.34300994873047,-185.8499755859375,107.270751953125,-3.505572557449341,104.88449096679688,-252.95065307617188
25,1.2491626739501953,-45.46344757080078,-69.49053192138672,-210.7384033203125,114.9539794921875,-3.6118106842041016,112.5913314819336,-320.2221984863281
26,1.2749407291412354,-60.140220642089844,-72.13733673095703,-227.08529663085938,132.27755737304688,-3.838941812515259,129.71356201171875,-342.9935607910156
27,1.4420676231384277,-73.96704864501953,-82.44171905517578,-234.631103515625,156.4087677001953,-4.163169860839844,153.68765258789062,-386.6716613769531
28,1.4849692583084106,-85.24894714355469,-87.33966064453125,-265.3548583984375,172.58860778808594,-4.243668556213379,169.8299102783203,-449.09466552734375
29,1.541524887084961,-102.82400512695312,-97.99601745605469,-271.1312255859375,200.8200225830078,-4.161426544189453,198.2001190185547,-482.03704833984375
30,1.497194766998291,-115.75286865234375,-103.72710418701172,-294.982421875,219.47998046875,-4.532920837402344,216.44424438476562,-492.7789306640625
31,1.4387781620025635,-115.03361511230469,-115.46614074707031,-306.5403747558594,230.499755859375,-4.447347640991211,227.49119567871094,-534.9248046875
32,1.5627236366271973,-126.39744567871094,-125.77517700195312,-319.44171142578125,252.17262268066406,-4.6303815841674805,249.10496520996094,-553.8162231445312
33,1.5374119281768799,-133.61233520507812,-122.86945343017578,-326.572998046875,256.4817810058594,-4.737637996673584,253.28155517578125,-600.3621826171875
34,1.6363133192062378,-143.72262573242188,-148.5071563720703,-339.02288818359375,292.22979736328125,-4.880894184112549,288.9852294921875,-516.47802734375
35,1.5205167531967163,-133.22109985351562,-134.9268035888672,-349.758544921875,268.14788818359375,-5.286561965942383,264.3818359375,-608.4693603515625
36,1.5103298425674438,-135.13450622558594,-136.3001708984375,-324.56689453125,271.4346923828125,-5.361721515655518,267.5832824707031,-629.574462890625
37,1.5622963905334473,-154.51512145996094,-144.01739501953125,-382.7820129394531,298.53253173828125,-5.509608268737793,294.585205078125,-624.110107421875
38,1.3684861660003662,-139.72128295898438,-121.07711791992188,-364.5644836425781,260.79840087890625,-5.445662498474121,256.72125244140625,-676.557373046875
39,1.4079501628875732,-169.40467834472656,-154.6433563232422,-405.491455078125,324.04803466796875,-5.804256916046143,319.6517333984375,-727.6561889648438
40,1.5591695308685303,-174.16903686523438,-156.7381591796875,-429.2789306640625,330.9071960449219,-5.844138145446777,326.6222229003906,-777.4956665039062
41,1.579309105873108,-187.32679748535156,-180.1090087890625,-438.5303955078125,367.435791015625,-6.492196083068848,362.5229187011719,-810.89013671875
42,1.702901005744934,-195.97628784179688,-191.033203125,-461.0397644042969,387.0094909667969,-6.201529502868652,382.5108642578125,-845.6937255859375
43,1.3942248821258545,-205.30947875976562,-199.81832885742188,-476.0065002441406,405.1278076171875,-6.611979961395264,399.9100646972656,-882.4924926757812
44,1.8178826570510864,-214.6190643310547,-212.95352172851562,-488.3633728027344,427.57257080078125,-6.446442604064941,422.9440002441406,-910.3480224609375
45,1.6493521928787231,-223.32498168945312,-217.74502563476562,-512.265625,441.07000732421875,-6.751931190490723,435.9674377441406,-951.16162109375
46,1.7265262603759766,-231.87506103515625,-226.9342498779297,-522.5464477539062,458.809326171875,-6.798020362854004,453.7378234863281,-979.2072143554688
47,1.7085398435592651,-239.9673309326172,-232.13177490234375,-544.1734008789062,472.09912109375,-7.128184795379639,466.6794738769531,-1019.2258911132812
48,1.7426705360412598,-249.28750610351562,-237.88815307617188,-567.4178466796875,487.1756591796875,-6.993832111358643,481.92449951171875,-1041.7750244140625
49,1.679938554763794,-253.11215209960938,-242.23526000976562,-562.3463134765625,495.347412109375,-7.752224922180176,489.2751159667969,-1042.3963623046875
50,1.7741200923919678,-262.29888916015625,-257.5782775878906,-576.9569091796875,519.877197265625,-7.823509216308594,513.8278198242188,-1090.5205078125
51,1.7309348583221436,-274.2952880859375,-267.4005126953125,-597.309814453125,541.69580078125,-7.618968963623047,535.8078002929688,-1109.809326171875
52,1.8004411458969116,-281.2935485839844,-254.92233276367188,-619.2196044921875,536.2158813476562,-7.602933406829834,530.4133911132812,-1151.7022705078125
53,1.7424826622009277,-292.12115478515625,-263.72784423828125,-630.4681396484375,555.8489990234375,-7.792238712310791,549.7992553710938,-1201.1143798828125
54,1.8195832967758179,-303.003662109375,-286.12652587890625,-638.7208251953125,589.1301879882812,-8.577892303466797,582.3718872070312,-1230.4005126953125
55,1.7282805442810059,-311.892578125,-293.04351806640625,-667.7252197265625,604.9360961914062,-8.938741683959961,597.7256469726562,-1262.0458984375
56,1.7981059551239014,-321.98486328125,-308.304931640625,-683.5768432617188,630.289794921875,-9.088142395019531,622.999755859375,-1320.8389892578125
57,1.7126494646072388,-331.6938781738281,-323.22467041015625,-698.1154174804688,654.9185791015625,-8.492592811584473,648.1386108398438,-1359.50732421875
58,1.6461925506591797,-338.45159912109375,-327.2386779785156,-715.47998046875,665.6903076171875,-8.619783401489258,658.7166748046875,-1376.53125
59,1.600839614868164,-350.423095703125,-338.052490234375,-741.0343627929688,688.4755859375,-9.533012390136719,680.5433959960938,-1439.69091796875
60,1.4121484756469727,-361.00439453125,-354.6569519042969,-760.7630615234375,715.661376953125,-9.517988204956055,707.5555419921875,-1486.3621826171875
61,1.4769275188446045,-372.4777526855469,-364.8742980957031,-772.5155029296875,737.35205078125,-9.512630462646484,729.3163452148438,-1513.749755859375
62,1.2400190830230713,-380.6222229003906,-375.8922424316406,-796.6083984375,756.5144653320312,-9.477673530578613,748.2767944335938,-1546.3433837890625
63,1.3372970819473267,-389.5121154785156,-384.51739501953125,-810.7315673828125,774.029541015625,-9.484174728393555,765.8826293945312,-1567.4827880859375
64,1.3652913570404053,-395.8667907714844,-388.81561279296875,-824.357177734375,784.682373046875,-9.783431053161621,776.2642211914062,-1598.427734375
65,1.29130220413208,-401.29150390625,-394.57855224609375,-814.50146484375,795.8700561523438,-9.698165893554688,787.4631958007812,-1445.6904296875
66,1.2448465824127197,-243.70697021484375,-247.78135681152344,-624.3385009765625,491.48834228515625,-9.774942398071289,482.958251953125,-1373.7962646484375
67,1.1731594800949097,-391.8321533203125,-394.131591796875,-781.9536743164062,785.9637451171875,-10.197694778442383,776.939208984375,-1436.21435546875
68,0.9999905824661255,-331.56585693359375,-294.8978271484375,-784.0150146484375,626.4636840820312,-10.05795669555664,617.4057006835938,-1575.67236328125
69,0.9652512073516846,-414.7940673828125,-403.927490234375,-868.89794921875,818.7215576171875,-10.33028793334961,809.3565673828125,-1663.6259765625
70,1.049471139907837,-405.9498291015625,-365.45831298828125,-882.6543579101562,771.4081420898438,-11.062769889831543,761.3948974609375,-1713.44287109375
71,1.1297250986099243,-445.3841552734375,-420.29547119140625,-888.1947021484375,865.6796264648438,-11.319225311279297,855.4901123046875,-1760.02587890625
72,1.0019855499267578,-449.2239685058594,-420.12066650390625,-900.4474487304688,869.3446044921875,-11.232303619384766,859.1143188476562,-1794.902099609375
73,1.2386469841003418,-467.25714111328125,-432.53411865234375,-950.599365234375,899.791259765625,-11.061960220336914,889.9679565429688,-1840.3758544921875
74,1.2211626768112183,-463.035888671875,-445.4958801269531,-968.5614013671875,908.53173828125,-11.32201862335205,898.430908203125,-1898.6845703125
75,1.2660648822784424,-481.22100830078125,-471.5660705566406,-1005.0301513671875,952.787109375,-11.295802116394043,942.7573852539062,-1934.525634765625
76,1.4597690105438232,-487.8253173828125,-458.59576416015625,-1022.9049072265625,946.4210815429688,-12.308082580566406,935.57275390625,-2000.5335693359375
77,1.4529316425323486,-507.3122863769531,-483.17919921875,-1039.544189453125,990.491455078125,-11.887469291687012,980.0569458007812,-2025.013427734375
78,1.6116183996200562,-520.0122680664062,-497.3594665527344,-1051.4295654296875,1017.3717041015625,-11.821791648864746,1007.1615600585938,-2064.417236328125
79,1.5976650714874268,-529.6570434570312,-508.421630859375,-1069.638671875,1038.07861328125,-11.85970687866211,1027.8165283203125,-2127.240234375
80,1.7950999736785889,-543.24267578125,-520.931396484375,-1102.252685546875,1064.174072265625,-12.073385238647461,1053.895751953125,-2167.6201171875
81,1.8162871599197388,-552.464111328125,-507.84637451171875,-1108.4996337890625,1060.310546875,-12.274529457092285,1049.852294921875,-2194.193115234375
82,1.7844505310058594,-563.2755737304688,-535.9719848632812,-1125.793701171875,1099.24755859375,-12.518989562988281,1088.512939453125,-2224.990966796875
83,1.7353663444519043,-575.3568725585938,-552.5699462890625,-1163.4334716796875,1127.9267578125,-13.018083572387695,1116.64404296875,-2280.149658203125
84,1.6582558155059814,-580.2936401367188,-565.3598022460938,-1191.3057861328125,1145.6534423828125,-12.821634292602539,1134.489990234375,-2352.556640625
85,1.7205207347869873,-594.98095703125,-579.66943359375,-1216.252685546875,1174.650390625,-13.124444961547852,1163.24658203125,-2387.318115234375
86,1.7676783800125122,-603.1102294921875,-586.37939453125,-1230.010498046875,1189.4896240234375,-13.243732452392578,1178.0135498046875,-2425.911865234375
87,1.7832785844802856,-614.8798217773438,-602.7499389648438,-1261.1280517578125,1217.6297607421875,-14.45003890991211,1204.9630126953125,-2484.6064453125
88,1.8220500946044922,-627.1625366210938,-605.1228637695312,-1269.5677490234375,1232.285400390625,-13.925131797790527,1220.1822509765625,-2514.169189453125
89,1.7959198951721191,-634.4883422851562,-624.1112060546875,-1301.06640625,1258.599609375,-13.732442855834961,1246.6630859375,-2567.4560546875
90,1.846015214920044,-648.0623779296875,-634.3969116210938,-1315.29443359375,1282.459228515625,-14.482950210571289,1269.8223876953125,-2600.519775390625
91,1.93381667137146,-661.444580078125,-644.7154541015625,-1343.704345703125,1306.1600341796875,-13.850961685180664,1294.242919921875,-2654.26220703125
92,1.9886283874511719,-667.805908203125,-646.4631958007812,-1342.70458984375,1314.26904296875,-14.190752029418945,1302.06689453125,-2669.9140625
93,1.9264171123504639,-674.9270629882812,-662.408935546875,-1383.9232177734375,1337.3359375,-14.533387184143066,1324.7288818359375,-2727.4443359375
94,1.7993320226669312,-685.0191650390625,-679.012939453125,-1411.875244140625,1364.0321044921875,-14.563716888427734,1351.2677001953125,-2772.57763671875
95,1.804473638534546,-696.03857421875,-691.46435546875,-1422.5877685546875,1387.5029296875,-14.762370109558105,1374.5450439453125,-2815.142333984375
96,2.1808018684387207,-705.8697509765625,-699.918212890625,-1443.33251953125,1405.7879638671875,-15.175564765930176,1392.793212890625,-2845.130126953125
97,2.155921220779419,-712.2330932617188,-700.08154296875,-1464.4029541015625,1412.314697265625,-16.11125946044922,1398.359375,-2906.287841796875
98,2.0849978923797607,-728.8135986328125,-721.6246948242188,-1484.833740234375,1450.438232421875,-15.238384246826172,1437.2847900390625,-2925.97802734375
99,2.0724217891693115,-734.4741821289062,-718.5855712890625,-1496.043212890625,1453.059814453125,-15.361454963684082,1439.770751953125,-2948.46435546875
100,1.873354196548462,-754.2821044921875,-750.5914306640625,-1533.4305419921875,1504.87353515625,-15.512916564941406,1491.2340087890625,-3028.7529296875
101,1.9745177030563354,-765.672119140625,-749.5882568359375,-1555.6988525390625,1515.2603759765625,-17.18175506591797,1500.0531005859375,-3075.70703125
102,1.9639277458190918,-776.114013671875,-756.98779296875,-1523.960693359375,1533.101806640625,-16.021242141723633,1519.04443359375,-3067.82470703125
103,1.8911707401275635,-790.3095703125,-777.5774536132812,-1601.0037841796875,1567.886962890625,-16.035879135131836,1553.7421875,-3167.28759765625
104,1.8552541732788086,-801.3955078125,-793.9059448242188,-1602.71826171875,1595.301513671875,-16.7694149017334,1580.3873291015625,-3185.512451171875
105,1.805715799331665,-815.4326171875,-802.8438110351562,-1636.9161376953125,1618.2763671875,-17.358497619628906,1602.7235107421875,-3260.19580078125
106,1.8811005353927612,-827.4171142578125,-815.1747436523438,-1666.518310546875,1642.591796875,-17.55896759033203,1626.9139404296875,-3317.282470703125
107,1.8675225973129272,-838.3253784179688,-830.04296875,-1678.1060791015625,1668.368408203125,-18.551483154296875,1651.6844482421875,-3348.782470703125
108,2.0520527362823486,-850.80029296875,-841.1806030273438,-1697.1602783203125,1691.98095703125,-18.309669494628906,1675.7232666015625,-3387.7626953125
109,2.0428783893585205,-862.219970703125,-853.124267578125,-1740.2603759765625,1715.34423828125,-18.46201515197754,1698.925048828125,-3463.5205078125
110,2.029085636138916,-875.094970703125,-863.1236572265625,-1758.0367431640625,1738.2186279296875,-17.92954444885254,1722.318115234375,-3502.72412109375
111,2.0953590869903564,-887.2108154296875,-873.5575561523438,-1788.6405029296875,1760.768310546875,-17.702377319335938,1745.1612548828125,-3556.86474609375
112,2.1816084384918213,-896.8619384765625,-892.474609375,-1787.5347900390625,1789.3365478515625,-19.20047950744629,1772.3177490234375,-3580.1982421875
113,2.0914158821105957,-911.0325927734375,-898.980712890625,-1839.9224853515625,1810.0133056640625,-18.84084701538086,1793.263916015625,-3653.098388671875
114,2.1419289112091064,-922.4918823242188,-915.255859375,-1850.395751953125,1837.747802734375,-18.168794631958008,1821.720947265625,-3693.41259765625
115,2.0481133460998535,-933.6904907226562,-923.4312744140625,-1871.6102294921875,1857.121826171875,-18.574386596679688,1840.5955810546875,-3741.78857421875
116,2.1513071060180664,-943.9560546875,-945.0631103515625,-1892.619140625,1889.0191650390625,-18.771371841430664,1872.399169921875,-3784.380126953125
117,2.3426573276519775,-959.8131713867188,-948.037353515625,-1928.177734375,1907.8505859375,-20.63247299194336,1889.560791015625,-3847.87451171875
118,2.262343406677246,-972.27001953125,-966.2796630859375,-1950.1123046875,1938.5496826171875,-18.758098602294922,1922.053955078125,-3900.043701171875
119,2.1060757637023926,-981.9478149414062,-975.6826782226562,-1978.463623046875,1957.6304931640625,-19.12455177307129,1940.612060546875,-3942.9775390625
120,2.419799327850342,-1000.260009765625,-988.2086181640625,-1992.72021484375,1988.4686279296875,-19.36151885986328,1971.52685546875,-3988.865234375
121,2.351806879043579,-1009.7381591796875,-1004.544677734375,-2022.271728515625,2014.2828369140625,-19.354602813720703,1997.280029296875,-4020.4072265625
122,2.263237953186035,-1023.7479858398438,-1010.4530029296875,-2039.405029296875,2034.200927734375,-20.471832275390625,2015.9923095703125,-4079.74365234375
123,2.5760011672973633,-1035.838134765625,-1024.9864501953125,-2067.2705078125,2060.82470703125,-20.68042755126953,2042.72021484375,-4135.9931640625
124,2.303485631942749,-1049.082763671875,-1041.0347900390625,-2097.835205078125,2090.11767578125,-20.60138511657715,2071.81982421875,-4184.18310546875
125,2.494136333465576,-1065.85693359375,-1047.136474609375,-2123.201171875,2112.993408203125,-22.16769027709961,2093.31982421875,-4245.142578125
126,2.3462154865264893,-1081.405517578125,-1064.228271484375,-2143.921142578125,2145.6337890625,-21.298059463500977,2126.681884765625,-4291.6025390625
127,2.339768886566162,-1090.655517578125,-1072.090576171875,-2158.1806640625,2162.74609375,-20.876968383789062,2144.208984375,-4314.75
128,2.573791742324829,-1104.5992431640625,-1090.127197265625,-2194.2421875,2194.7265625,-20.783096313476562,2176.51708984375,-4386.40576171875
129,2.367001533508301,-1117.29248046875,-1098.7808837890625,-2206.16552734375,2216.0732421875,-23.077674865722656,2195.362548828125,-4426.8974609375
130,2.5725533962249756,-1131.443359375,-1116.6142578125,-2239.48828125,2248.0576171875,-21.502304077148438,2229.1279296875,-4491.08203125
131,2.530496597290039,-1143.31591796875,-1126.89892578125,-2268.728515625,2270.21484375,-21.727176666259766,2251.01806640625,-4541.5654296875
132,2.74191951751709,-1155.8594970703125,-1139.7747802734375,-2295.477783203125,2295.63427734375,-21.874767303466797,2276.50146484375,-4602.51904296875
133,2.0205278396606445,-1163.0670166015625,-1150.486572265625,-2324.34326171875,2313.5537109375,-21.92070770263672,2293.653564453125,-4652.470703125
134,2.3178210258483887,-1177.9068603515625,-1166.3558349609375,-2343.77587890625,2344.2626953125,-22.405094146728516,2324.175537109375,-4694.01953125
135,2.491619110107422,-1195.9375,-1175.722900390625,-2373.177001953125,2371.660400390625,-23.445655822753906,2350.70654296875,-4752.1953125
136,3.019814968109131,-1207.698486328125,-1193.1314697265625,-2401.864501953125,2400.830078125,-23.27985954284668,2380.570068359375,-4809.01904296875
137,2.8618834018707275,-1223.7459716796875,-1204.0970458984375,-2420.53173828125,2427.843017578125,-22.802648544311523,2407.902099609375,-4855.6953125
138,2.655022144317627,-1235.635009765625,-1218.94482421875,-2444.199462890625,2454.579833984375,-24.61989974975586,2432.614990234375,-4904.69580078125
139,3.115556001663208,-1248.45751953125,-1230.24169921875,-2475.1552734375,2478.69921875,-23.908828735351562,2457.90576171875,-4959.435546875
140,2.904367208480835,-1260.6734619140625,-1244.3790283203125,-2504.3603515625,2505.052490234375,-23.406543731689453,2484.55029296875,-5016.32470703125
141,3.0615649223327637,-1273.88720703125,-1260.733154296875,-2524.898193359375,2534.620361328125,-23.583126068115234,2514.098876953125,-5068.7919921875
142,3.1526427268981934,-1288.8426513671875,-1272.447998046875,-2560.32568359375,2561.29052734375,-23.548828125,2540.894287109375,-5132.470703125
143,2.4384453296661377,-1303.8670654296875,-1285.7393798828125,-2580.59716796875,2589.6064453125,-25.037826538085938,2567.007080078125,-5185.294921875
144,2.7064359188079834,-1314.5911865234375,-1298.9287109375,-2603.396484375,2613.52001953125,-24.35647964477539,2591.8701171875,-5222.314453125
145,3.006420612335205,-1333.051513671875,-1304.2979736328125,-2624.1630859375,2637.349609375,-25.58775520324707,2614.768310546875,-5265.201171875
146,3.1186976432800293,-1349.641845703125,-1328.130859375,-2658.022216796875,2677.772705078125,-24.620494842529297,2656.270751953125,-5336.8916015625
147,2.8914847373962402,-1359.488037109375,-1336.477783203125,-2689.25439453125,2695.9658203125,-25.858461380004883,2672.9990234375,-5392.57763671875
148,2.9400949478149414,-1373.7567138671875,-1350.0755615234375,-2716.38720703125,2723.832275390625,-25.39278221130371,2701.379638671875,-5436.13232421875
149,2.5190327167510986,-1385.0010986328125,-1355.811767578125,-2731.971435546875,2740.81298828125,-26.867324829101562,2716.464599609375,-5483.11572265625
150,2.6302247047424316,-1395.2626953125,-1371.93017578125,-2755.018798828125,2767.19287109375,-25.925079345703125,2743.89794921875,-5513.01953125
151,2.7791008949279785,-1406.932373046875,-1391.8916015625,-2777.654296875,2798.823974609375,-25.793638229370117,2775.809326171875,-5589.583984375
152,2.3459246158599854,-1420.0572509765625,-1413.552734375,-2803.550048828125,2833.60986328125,-27.943950653076172,2808.011962890625,-5613.70556640625
153,2.403278112411499,-1431.370361328125,-1420.916748046875,-2841.47314453125,2852.287109375,-26.398773193359375,2828.291748046875,-5684.16796875
154,2.2067196369171143,-1442.736083984375,-1416.177734375,-2864.474853515625,2858.913818359375,-28.75767707824707,2832.363037109375,-5725.06298828125
155,2.6289498805999756,-1458.7257080078125,-1445.3309326171875,-2849.23828125,2904.056640625,-26.365089416503906,2880.320556640625,-5781.26171875
156,2.2818446159362793,-1471.149169921875,-1464.191650390625,-2922.54736328125,2935.3408203125,-27.06362533569336,2910.558837890625,-5829.7568359375
157,2.1319780349731445,-1485.849609375,-1472.2293701171875,-2947.911376953125,2958.0791015625,-28.574045181274414,2931.63720703125,-5911.76904296875
158,1.9941991567611694,-1497.07666015625,-1494.3751220703125,-2976.9404296875,2991.45166015625,-27.24479866027832,2966.200927734375,-5967.1171875
159,2.234269618988037,-1513.7216796875,-1507.5489501953125,-3001.4755859375,3021.2705078125,-27.95598793029785,2995.548828125,-6032.169921875
160,2.136054277420044,-1528.3253173828125,-1526.702392578125,-3030.031494140625,3055.02783203125,-28.243839263916016,3028.919921875,-6086.37158203125
161,2.2134411334991455,-1544.0645751953125,-1540.837158203125,-3055.19580078125,3084.90185546875,-27.829111099243164,3059.2861328125,-6137.1689453125
162,2.016453981399536,-1554.969970703125,-1553.669189453125,-3094.26025390625,3108.63916015625,-27.932655334472656,3082.722900390625,-6219.59228515625
163,1.9490121603012085,-1571.939208984375,-1569.513671875,-3118.88818359375,3141.452880859375,-28.400405883789062,3115.00146484375,-6270.78955078125
164,2.048922061920166,-1585.2642822265625,-1586.171142578125,-3144.2216796875,3171.435546875,-28.3131046295166,3145.17138671875,-6318.15966796875
165,2.0141420364379883,-1602.805908203125,-1597.001220703125,-3179.503662109375,3199.80712890625,-28.831298828125,3172.989990234375,-6382.7880859375
166,2.12787127494812,-1622.158203125,-1614.046142578125,-3208.7060546875,3236.204345703125,-29.202138900756836,3209.130126953125,-6445.4638671875
167,2.1141154766082764,-1637.3511962890625,-1626.83837890625,-3235.2666015625,3264.189453125,-29.406660079956055,3236.896728515625,-6496.21728515625
168,2.1242246627807617,-1644.2802734375,-1643.578369140625,-3264.26806640625,3287.858642578125,-29.674415588378906,3260.30859375,-6556.8955078125
169,2.2476646900177,-1659.8115234375,-1658.742431640625,-3285.81591796875,3318.553955078125,-30.667007446289062,3290.134521484375,-6607.42236328125
170,2.1488990783691406,-1675.068115234375,-1669.7520751953125,-3317.955810546875,3344.8203125,-30.10584259033203,3316.86328125,-6670.6123046875
171,2.186605453491211,-1692.5654296875,-1687.989013671875,-3351.251953125,3380.554443359375,-30.242904663085938,3352.498046875,-6741.94091796875
172,2.0241501331329346,-1706.9669189453125,-1700.8839111328125,-3380.3134765625,3407.850830078125,-30.53854751586914,3379.33642578125,-6799.8828125
173,2.1628761291503906,-1725.4674072265625,-1717.220458984375,-3411.0341796875,3442.68798828125,-33.584041595458984,3411.266845703125,-6864.1455078125
174,2.2670111656188965,-1738.66748046875,-1731.987548828125,-3434.533203125,3470.655029296875,-30.972288131713867,3441.949951171875,-6910.2685546875
175,2.0549745559692383,-1753.46826171875,-1748.1390380859375,-3468.86669921875,3501.607421875,-31.476428985595703,3472.18603515625,-6974.34130859375
176,2.2139480113983154,-1769.588134765625,-1758.3095703125,-3496.1005859375,3527.897705078125,-31.4383487701416,3498.67333984375,-7039.80322265625
177,2.2332284450531006,-1787.4825439453125,-1777.0863037109375,-3528.326171875,3564.56884765625,-31.643863677978516,3535.158203125,-7097.09375
178,2.1089749336242676,-1799.470703125,-1787.4068603515625,-3553.333740234375,3586.87744140625,-33.246559143066406,3555.73974609375,-7148.11083984375
179,2.278871774673462,-1813.3642578125,-1801.3817138671875,-3589.14501953125,3614.74609375,-32.600765228271484,3584.424072265625,-7215.88818359375
180,2.680558919906616,-1828.2794189453125,-1817.2252197265625,-3620.40283203125,3645.504638671875,-32.111427307128906,3616.073974609375,-7275.4990234375
181,2.304696559906006,-1844.9722900390625,-1834.75048828125,-3644.19384765625,3679.72265625,-33.71393585205078,3648.3134765625,-7324.40234375
182,2.268411874771118,-1858.294189453125,-1848.968994140625,-3677.94384765625,3707.26318359375,-33.92432403564453,3675.607177734375,-7385.3037109375
183,2.7676079273223877,-1874.656494140625,-1865.802490234375,-3710.271728515625,3740.458984375,-33.05305862426758,3710.173583984375,-7452.20556640625
184,2.3539130687713623,-1888.20166015625,-1873.1748046875,-3733.873046875,3761.37646484375,-33.779571533203125,3729.950927734375,-7498.8046875
185,2.0334134101867676,-1902.31005859375,-1885.081298828125,-3757.75048828125,3787.391357421875,-33.712059020996094,3755.712646484375,-7553.44189453125
186,2.5013346672058105,-1920.48193359375,-1909.606201171875,-3801.29638671875,3830.088134765625,-34.15740203857422,3798.431884765625,-7634.5439453125
187,2.6913225650787354,-1932.2109375,-1919.2652587890625,-3831.608154296875,3851.47607421875,-33.74598693847656,3820.42138671875,-7692.5947265625
188,2.305309772491455,-1954.8189697265625,-1936.5386962890625,-3859.7119140625,3891.357666015625,-36.61921691894531,3857.0439453125,-7761.13671875
189,2.4883387088775635,-1969.75146484375,-1949.7510986328125,-3885.17236328125,3919.50244140625,-34.690757751464844,3887.300048828125,-7808.505859375
190,2.476586103439331,-1987.8624267578125,-1971.306640625,-3917.6962890625,3959.1689453125,-36.26557159423828,3925.3798828125,-7880.68994140625
191,2.2024898529052734,-1995.253662109375,-1982.4110107421875,-3943.99853515625,3977.66455078125,-35.06913757324219,3944.7978515625,-7927.77001953125
192,1.6708892583847046,-2009.124267578125,-1997.3216552734375,-3983.776123046875,4006.44580078125,-35.3538818359375,3972.7626953125,-8005.43896484375
193,2.4021739959716797,-2032.52490234375,-2015.6578369140625,-4006.924072265625,4048.1826171875,-35.9946403503418,4014.590087890625,-8047.3505859375
194,2.4015228748321533,-2046.369384765625,-2031.5838623046875,-4044.62158203125,4077.953125,-37.073848724365234,4043.281005859375,-8132.63818359375
195,2.5072975158691406,-2063.23291015625,-2046.5477294921875,-4068.37646484375,4109.78076171875,-37.70359420776367,4074.58447265625,-8187.33056640625
196,2.358720064163208,-2074.6064453125,-2063.11376953125,-4108.14794921875,4137.72021484375,-36.79718780517578,4103.28173828125,-8247.283203125
197,2.4338386058807373,-2090.744873046875,-2077.743408203125,-4133.67822265625,4168.48828125,-37.8190803527832,4133.103515625,-8306.6494140625
198,1.6263972520828247,-2099.251953125,-2095.174560546875,-4162.57958984375,4194.4267578125,-36.75277328491211,4159.30029296875,-8363.775390625
199,1.6784791946411133,-2114.90185546875,-2111.485595703125,-4200.3955078125,4226.3876953125,-37.307586669921875,4190.7587890625,-8439.0478515625
200,1.562311053276062,-2131.868408203125,-2129.12646484375,-4232.09033203125,4260.9951171875,-37.30695343017578,4225.25048828125,-8501.1005859375
201,2.013507604598999,-2147.7861328125,-2149.018310546875,-4264.65625,4296.8046875,-37.70117950439453,4261.1171875,-8563.46484375
202,2.1661875247955322,-2165.359130859375,-2166.061279296875,-4288.71484375,4331.42041015625,-38.40766906738281,4295.1787109375,-8625.8701171875
203,2.1023902893066406,-2182.008056640625,-2179.10888671875,-4322.98193359375,4361.1171875,-38.134315490722656,4325.08544921875,-8699.0625
204,1.644733190536499,-2195.947509765625,-2196.374267578125,-4355.48828125,4392.32177734375,-38.25578308105469,4355.71044921875,-8755.97265625
205,2.248940944671631,-2215.703857421875,-2214.10302734375,-4386.76953125,4429.806640625,-38.4632568359375,4393.59228515625,-8824.1005859375
206,2.046994686126709,-2240.31787109375,-2222.527099609375,-4404.76171875,4462.8447265625,-38.90730667114258,4425.984375,-8869.27734375
207,2.171278238296509,-2254.2626953125,-2247.284423828125,-4449.857421875,4501.546875,-40.567955017089844,4463.150390625,-8947.1806640625
208,2.0220279693603516,-2269.937744140625,-2259.4765625,-4485.95458984375,4529.4140625,-39.12192153930664,4492.31396484375,-9030.9404296875
209,2.05979585647583,-2288.196044921875,-2272.181640625,-4507.97265625,4560.3779296875,-40.3947868347168,4522.04248046875,-9078.8564453125
210,2.086116313934326,-2300.1796875,-2286.70947265625,-4542.58203125,4586.88916015625,-41.59687423706055,4547.37841796875,-9140.08203125
211,2.250110626220703,-2317.929931640625,-2312.103271484375,-4557.69482421875,4630.033203125,-40.918643951416016,4591.36474609375,-9184.494140625
212,2.258653163909912,-2331.662109375,-2321.97998046875,-4610.27587890625,4653.64208984375,-42.20079040527344,4613.7001953125,-9272.181640625
213,2.2555718421936035,-2347.000732421875,-2328.69140625,-4635.12646484375,4675.6923828125,-41.143280029296875,4636.8046875,-9293.4697265625
214,2.3348467350006104,-2352.767333984375,-2342.04833984375,-4660.3662109375,4694.8154296875,-41.28376770019531,4655.86669921875,-9372.02734375
215,2.2734906673431396,-2359.87744140625,-2364.6845703125,-4697.984375,4724.56201171875,-44.416561126708984,4682.4189453125,-9435.2919921875
216,2.1114299297332764,-2385.37060546875,-2381.504638671875,-4735.44140625,4766.875,-41.4761962890625,4727.51025390625,-9491.33984375
217,1.9733537435531616,-2395.67626953125,-2387.18017578125,-4752.798828125,4782.8564453125,-41.87669372558594,4742.953125,-9550.6630859375
218,2.3849334716796875,-2423.3193359375,-2417.216796875,-4798.330078125,4840.5361328125,-43.707000732421875,4799.2138671875,-9649.107421875
219,2.257268190383911,-2439.57470703125,-2432.81298828125,-4840.26220703125,4872.3876953125,-44.25912094116211,4830.3857421875,-9726.009765625
220,2.249251365661621,-2458.251953125,-2454.2294921875,-4877.970703125,4912.4814453125,-42.80225372314453,4871.92822265625,-9799.1953125
221,2.3876068592071533,-2476.0166015625,-2471.053955078125,-4907.7314453125,4947.0703125,-44.296875,4905.1611328125,-9866.115234375
222,2.628509044647217,-2483.5146484375,-2488.60693359375,-4944.1044921875,4972.12158203125,-43.31020736694336,4931.43994140625,-9929.6767578125
223,2.6538238525390625,-2511.24462890625,-2508.962158203125,-4981.87353515625,5020.20703125,-43.474212646484375,4979.38671875,-10011.6015625
224,2.30312180519104,-2530.1875,-2529.094970703125,-5007.3916015625,5059.2822265625,-45.038726806640625,5016.546875,-10072.8037109375
225,2.4470198154449463,-2549.710205078125,-2542.154541015625,-5037.08984375,5091.86474609375,-47.14947509765625,5047.162109375,-10134.4765625
226,2.8923728466033936,-2562.616943359375,-2560.97900390625,-5085.80322265625,5123.595703125,-43.873111724853516,5082.615234375,-10221.3994140625
227,2.3973546028137207,-2581.734130859375,-2581.834716796875,-5119.8984375,5163.56884765625,-45.431270599365234,5120.53515625,-10297.19921875
228,2.738539934158325,-2596.98779296875,-2596.743896484375,-5150.5048828125,5193.7314453125,-44.54986572265625,5151.92041015625,-10355.1787109375
229,2.5405983924865723,-2613.01708984375,-2609.4765625,-5183.638671875,5222.49365234375,-45.08280944824219,5179.951171875,-10416.521484375
230,2.2160050868988037,-2633.954833984375,-2628.6923828125,-5211.244140625,5262.6474609375,-46.0165901184082,5218.8466796875,-10474.3916015625
231,1.8761402368545532,-2649.4453125,-2648.9150390625,-5257.3212890625,5298.3603515625,-48.984344482421875,5251.251953125,-10550.400390625
232,2.3581414222717285,-2661.7587890625,-2664.531982421875,-5289.275390625,5326.291015625,-45.728729248046875,5282.92041015625,-10630.1044921875
233,1.853515863418579,-2683.26171875,-2685.52392578125,-5312.91650390625,5368.78564453125,-50.088134765625,5320.55078125,-10687.7294921875
234,2.3437459468841553,-2696.46728515625,-2700.02783203125,-5352.6640625,5396.4951171875,-46.256980895996094,5352.58203125,-10764.9296875
235,1.9717217683792114,-2714.873291015625,-2720.793701171875,-5384.162109375,5435.6669921875,-47.73707962036133,5389.9013671875,-10809.6005859375
236,2.216174840927124,-2733.68115234375,-2729.458984375,-5430.4990234375,5463.14013671875,-48.031227111816406,5417.3251953125,-10913.4716796875
237,2.006819725036621,-2757.87158203125,-2751.9423828125,-5457.806640625,5509.81396484375,-51.6192512512207,5460.20166015625,-10968.720703125
238,2.20235538482666,-2775.681640625,-2771.34423828125,-5481.322265625,5547.02587890625,-48.84483337402344,5500.38330078125,-11018.708984375
239,2.227325677871704,-2789.10400390625,-2788.57568359375,-5528.80859375,5577.6796875,-48.13833236694336,5531.76904296875,-11122.556640625
240,2.292973041534424,-2806.337890625,-2808.6806640625,-5559.615234375,5615.0185546875,-49.0903205871582,5568.22119140625,-11188.0634765625
241,2.487797975540161,-2831.0322265625,-2823.1796875,-5604.99072265625,5654.2119140625,-50.566917419433594,5606.1328125,-11259.490234375
242,2.3164851665496826,-2841.32275390625,-2838.1689453125,-5632.76513671875,5679.49169921875,-49.26039123535156,5632.5478515625,-11321.560546875
243,2.7608582973480225,-2858.087890625,-2861.843505859375,-5620.22412109375,5719.931640625,-48.7557373046875,5673.9365234375,-11343.0859375
244,1.6778082847595215,-2871.27392578125,-2875.519287109375,-5705.42724609375,5746.79296875,-49.22417068481445,5699.24658203125,-11463.09765625
245,2.599931001663208,-2900.33349609375,-2895.14990234375,-5746.380859375,5795.4833984375,-49.6307258605957,5748.45263671875,-11551.73046875
246,2.5713822841644287,-2918.7314453125,-2911.89990234375,-5782.4150390625,5830.63134765625,-50.65569305419922,5782.546875,-11624.4541015625
247,1.6471081972122192,-2926.59228515625,-2923.598876953125,-5817.7919921875,5850.19140625,-50.28954315185547,5801.548828125,-11693.6083984375
248,2.5403780937194824,-2958.85205078125,-2951.3876953125,-5854.3134765625,5910.23974609375,-51.77932357788086,5861.0009765625,-11756.90625
249,2.720116138458252,-2966.33544921875,-2964.572265625,-5892.51806640625,5930.90771484375,-50.36882781982422,5883.25927734375,-11835.44921875
250,1.879624605178833,-2988.709716796875,-2987.843017578125,-5922.9638671875,5976.552734375,-51.435550689697266,5926.99658203125,-11896.111328125
251,2.2926595211029053,-3011.203125,-3007.2783203125,-5962.5947265625,6018.4814453125,-56.01139831542969,5964.7626953125,-11981.53515625
252,2.2438602447509766,-3025.7001953125,-3019.52490234375,-6004.0302734375,6045.22509765625,-51.592872619628906,5995.8759765625,-12058.98828125
253,1.6507365703582764,-3039.705078125,-3037.2587890625,-6040.9697265625,6076.9638671875,-51.95200729370117,6026.66259765625,-12134.7744140625
254,1.86509370803833,-3060.08056640625,-3051.53564453125,-6081.6533203125,6111.6162109375,-52.484397888183594,6060.9970703125,-12211.9248046875
255,2.165377140045166,-3085.45458984375,-3073.4404296875,-6115.9130859375,6158.89501953125,-54.42168426513672,6106.638671875,-12278.8173828125
256,2.3181073665618896,-3104.5517578125,-3084.629638671875,-6157.2822265625,6189.181640625,-53.78092956542969,6137.71875,-12361.9990234375
257,2.0769872665405273,-3122.61181640625,-3110.781005859375,-6192.1767578125,6233.392578125,-54.352699279785156,6181.1171875,-12438.552734375
258,1.5108472108840942,-3134.40966796875,-3130.65087890625,-6232.986328125,6265.060546875,-53.24546813964844,6213.32568359375,-12509.591796875
259,1.9513999223709106,-3163.2080078125,-3149.76318359375,-6262.50830078125,6312.97119140625,-56.848777770996094,6258.07373046875,-12591.5908203125
260,1.9913280010223389,-3182.93603515625,-3161.2666015625,-6307.03515625,6344.20263671875,-57.056888580322266,6289.13671875,-12669.751953125
261,2.4498422145843506,-3203.19384765625,-3187.45361328125,-6341.96044921875,6390.6474609375,-54.086524963378906,6339.0107421875,-12728.8232421875
262,1.9391072988510132,-3215.712158203125,-3206.83154296875,-6379.1435546875,6422.5439453125,-55.13126754760742,6369.3515625,-12814.689453125
263,2.0263333320617676,-3232.69140625,-3224.490966796875,-6419.55126953125,6457.1826171875,-55.01051712036133,6404.1982421875,-12873.8583984375
264,2.015131950378418,-3252.86181640625,-3238.59130859375,-6451.1142578125,6491.453125,-55.68578338623047,6437.78271484375,-12945.748046875
265,1.505171537399292,-3264.677001953125,-3257.52783203125,-6493.0546875,6522.205078125,-55.57420349121094,6468.13623046875,-13025.373046875
266,1.4273524284362793,-3284.702392578125,-3274.276123046875,-6526.8623046875,6558.978515625,-55.959495544433594,6504.4462890625,-13093.6220703125
267,1.6645349264144897,-3303.190185546875,-3296.40087890625,-6572.36474609375,6599.5908203125,-56.22026443481445,6545.03515625,-13179.0751953125
268,1.7712204456329346,-3323.471923828125,-3311.29052734375,-6607.0791015625,6634.7626953125,-56.20808029174805,6580.32568359375,-13259.2333984375
269,1.3643302917480469,-3338.25390625,-3332.05712890625,-6641.5908203125,6670.31103515625,-56.8765869140625,6614.798828125,-13332.263671875
270,2.1026034355163574,-3362.20166015625,-3347.76953125,-6680.8408203125,6709.97119140625,-57.41856384277344,6654.6552734375,-13404.416015625
271,1.4579094648361206,-3375.970703125,-3373.392578125,-6719.23388671875,6749.36328125,-57.525142669677734,6693.29638671875,-13477.26953125
272,1.934492588043213,-3401.85302734375,-3386.63330078125,-6759.3984375,6788.486328125,-60.316036224365234,6730.10498046875,-13560.73046875
273,1.4309968948364258,-3418.16943359375,-3408.55126953125,-6798.365234375,6826.720703125,-58.080230712890625,6770.07177734375,-13638.794921875
274,1.5111277103424072,-3439.115234375,-3428.775390625,-6831.9462890625,6867.890625,-58.67377853393555,6810.72802734375,-13703.392578125
275,1.7574119567871094,-3460.277099609375,-3444.69091796875,-6862.7431640625,6904.9677734375,-59.545475006103516,6847.1796875,-13782.998046875
276,1.470491886138916,-3478.13037109375,-3470.334716796875,-6871.4775390625,6948.46484375,-59.008033752441406,6890.927734375,-13807.9228515625
277,1.8768644332885742,-3501.73486328125,-3487.9033203125,-6951.25439453125,6989.63818359375,-62.22247314453125,6929.29248046875,-13947.16796875
278,1.6594843864440918,-3518.88427734375,-3509.36083984375,-6978.5986328125,7028.2451171875,-60.51519775390625,6969.3896484375,-14006.970703125
279,1.4741657972335815,-3535.99365234375,-3524.1396484375,-7032.7900390625,7060.13330078125,-60.01042556762695,7001.59716796875,-14098.416015625
280,1.4924359321594238,-3554.11962890625,-3543.07763671875,-7071.56884765625,7097.197265625,-60.35655212402344,7038.33349609375,-14176.83203125
281,1.4364995956420898,-3572.95068359375,-3561.906982421875,-7107.2392578125,7134.857421875,-60.916053771972656,7075.3779296875,-14249.0576171875
282,2.103210210800171,-3599.202880859375,-3580.176025390625,-7145.6650390625,7179.37890625,-65.6592025756836,7115.82275390625,-14334.244140625
283,1.925279140472412,-3611.275634765625,-3611.188720703125,-7183.634765625,7222.46435546875,-63.45447540283203,7160.93505859375,-14406.4951171875
284,1.8169628381729126,-3630.10546875,-3620.073974609375,-7228.51513671875,7250.1796875,-62.587276458740234,7189.4091796875,-14494.34765625
285,1.8076379299163818,-3652.4599609375,-3643.208984375,-7269.2255859375,7295.6689453125,-61.473243713378906,7236.00341796875,-14574.0390625
286,1.714167833328247,-3665.70361328125,-3664.4248046875,-7309.33056640625,7330.12841796875,-63.160850524902344,7268.68212890625,-14664.517578125
287,1.6864237785339355,-3705.09521484375,-3683.1591796875,-7351.095703125,7388.25439453125,-62.65819549560547,7327.28271484375,-14749.048828125
288,1.616650104522705,-3734.426513671875,-3702.25048828125,-7385.5302734375,7436.6767578125,-62.68798065185547,7375.60546875,-14833.0947265625
289,1.5975663661956787,-3764.06103515625,-3722.1337890625,-7430.154296875,7486.19482421875,-63.108272552490234,7424.68408203125,-14907.4228515625
290,1.7300410270690918,-3781.6142578125,-3732.8720703125,-7470.84130859375,7514.486328125,-65.96402740478516,7450.25244140625,-14995.736328125
291,1.8635711669921875,-3796.18359375,-3749.705322265625,-7510.6591796875,7545.888671875,-63.620567321777344,7484.1318359375,-15069.623046875
292,1.971630334854126,-3791.7822265625,-3779.693359375,-7541.4765625,7571.4755859375,-66.51268768310547,7506.9345703125,-15123.498046875
293,2.103372097015381,-3811.328125,-3795.279052734375,-7584.65625,7606.607421875,-65.62027740478516,7543.0908203125,-15198.376953125
294,2.0878028869628906,-3834.8623046875,-3817.46923828125,-7627.6689453125,7652.33154296875,-68.8770751953125,7585.54248046875,-15288.1572265625
295,2.108506441116333,-3854.828125,-3841.682373046875,-7673.1298828125,7696.5107421875,-66.01600646972656,7632.60302734375,-15381.060546875
296,1.834791898727417,-3870.78369140625,-3859.851806640625,-7713.12548828125,7730.6357421875,-65.67154693603516,7666.79931640625,-15467.1142578125
297,1.7541167736053467,-3890.12109375,-3877.41943359375,-7745.58056640625,7767.54052734375,-66.04097747802734,7703.25341796875,-15535.50390625
298,1.8422024250030518,-3910.7236328125,-3895.6806640625,-7795.33984375,7806.404296875,-65.90707397460938,7742.33935546875,-15611.1728515625
299,2.0401031970977783,-3937.2939453125,-3921.726806640625,-7838.1533203125,7859.0205078125,-66.35350036621094,7794.70703125,-15696.5126953125
300,2.4881396293640137,-3969.489990234375,-3938.845458984375,-7880.4609375,7908.33544921875,-68.03950500488281,7842.7841796875,-15788.736328125
301,2.522960662841797,-3989.3916015625,-3958.111328125,-7921.984375,7947.5029296875,-66.88467407226562,7883.14111328125,-15860.634765625
302,2.3045480251312256,-4006.07080078125,-3983.78857421875,-7960.541015625,7989.859375,-69.41242218017578,7922.75146484375,-15958.900390625
303,2.1431210041046143,-4021.799560546875,-4001.31396484375,-7997.75244140625,8023.11328125,-68.76966094970703,7956.48681640625,-16021.3505859375
304,2.032620429992676,-4044.697509765625,-4014.3857421875,-8036.3837890625,8059.0830078125,-72.83699798583984,7988.27880859375,-16111.32421875
305,1.9906538724899292,-4065.98974609375,-4042.79345703125,-8079.1005859375,8108.783203125,-69.5974349975586,8041.17626953125,-16197.23046875
306,1.9624346494674683,-4084.50341796875,-4060.752685546875,-8122.3330078125,8145.255859375,-69.95589447021484,8077.26220703125,-16273.009765625
307,1.8859896659851074,-4104.6845703125,-4089.983154296875,-8166.361328125,8194.66796875,-71.08943176269531,8125.46435546875,-16374.0693359375
308,2.19710373878479,-4138.6279296875,-4100.7890625,-8206.599609375,8239.4169921875,-69.52996063232422,8172.08447265625,-16445.513671875
309,1.5673985481262207,-4133.4111328125,-4130.1279296875,-8253.900390625,8263.5390625,-69.5580825805664,8195.548828125,-16542.77734375
310,1.8289756774902344,-4171.345703125,-4152.73828125,-8291.453125,8324.083984375,-76.01319122314453,8249.8994140625,-16605.111328125
311,2.125523805618286,-4186.6884765625,-4168.6982421875,-8339.173828125,8355.38671875,-72.1700668334961,8285.3427734375,-16719.4296875
312,2.04549241065979,-4202.60400390625,-4185.4521484375,-8371.51171875,8388.056640625,-71.31858825683594,8318.7841796875,-16783.056640625
313,2.002210855484009,-4231.4599609375,-4206.8671875,-8420.001953125,8438.3271484375,-76.24830627441406,8364.0810546875,-16854.81640625
314,1.869608759880066,-4243.73828125,-4224.900390625,-8462.0029296875,8468.638671875,-72.55697631835938,8397.951171875,-16945.568359375
315,1.904589056968689,-4267.9189453125,-4252.56787109375,-8507.068359375,8520.486328125,-73.37384033203125,8449.0166015625,-17053.900390625
316,2.3208160400390625,-4295.208984375,-4270.37255859375,-8543.29296875,8565.58203125,-73.04902648925781,8494.8544921875,-17102.546875
317,2.3832952976226807,-4325.5419921875,-4290.7080078125,-8590.7900390625,8616.25,-72.80902099609375,8545.82421875,-17221.765625
318,2.424457311630249,-4343.6875,-4317.08837890625,-8635.138671875,8660.775390625,-72.79631042480469,8590.404296875,-17284.853515625
319,2.0801310539245605,-4353.94384765625,-4338.38427734375,-8677.5625,8692.328125,-77.67144012451172,8616.736328125,-17378.052734375
320,1.9524401426315308,-4369.38134765625,-4356.43994140625,-8722.8515625,8725.8212890625,-73.73390197753906,8654.0390625,-17474.0546875
321,2.2094156742095947,-4401.08544921875,-4387.51171875,-8755.90625,8788.59765625,-75.93896484375,8714.8671875,-17542.845703125
322,1.6849015951156616,-4408.505859375,-4397.1005859375,-8808.232421875,8805.6064453125,-74.27778625488281,8733.013671875,-17638.380859375
323,2.1203274726867676,-4438.9443359375,-4422.9794921875,-8831.68359375,8861.923828125,-76.86424255371094,8787.1796875,-17696.826171875
324,2.1786603927612305,-4459.28125,-4452.24169921875,-8893.3681640625,8911.5234375,-79.14303588867188,8834.5595703125,-17815.037109375
325,2.1521763801574707,-4483.1962890625,-4465.572265625,-8936.375,8948.7685546875,-77.60137176513672,8873.3193359375,-17904.494140625
326,2.1521341800689697,-4505.0791015625,-4490.3193359375,-8978.205078125,8995.3984375,-75.68710327148438,8921.86328125,-17976.943359375
327,2.1511194705963135,-4523.9765625,-4511.455078125,-9028.904296875,9035.431640625,-77.07992553710938,8960.5029296875,-18079.35546875
328,2.00235652923584,-4542.97265625,-4524.4130859375,-9059.78515625,9067.3857421875,-77.22515106201172,8992.162109375,-18139.6796875
329,2.3793978691101074,-4573.7109375,-4551.89111328125,-9110.2490234375,9125.6015625,-77.17855072021484,9050.802734375,-18242.02734375
330,2.3210666179656982,-4591.794921875,-4577.35693359375,-9156.888671875,9169.15234375,-78.65057373046875,9092.8232421875,-18332.5546875
331,2.2853357791900635,-4610.970703125,-4600.1689453125,-9201.97265625,9211.1396484375,-80.94625854492188,9132.478515625,-18421.56640625
332,1.8392963409423828,-4628.37548828125,-4619.69091796875,-9244.056640625,9248.06640625,-77.84110260009766,9172.064453125,-18505.2890625
333,2.1503796577453613,-4654.54443359375,-4641.4453125,-9278.1982421875,9295.990234375,-79.8729019165039,9218.267578125,-18581.609375
334,1.6331233978271484,-4669.8798828125,-4666.84912109375,-9329.01171875,9336.728515625,-78.57228088378906,9259.7890625,-18675.158203125
335,2.090268611907959,-4697.7509765625,-4678.1865234375,-9376.912109375,9375.9375,-80.74620056152344,9297.28125,-18776.33984375
336,1.7525160312652588,-4712.2861328125,-4706.64599609375,-9418.9189453125,9418.931640625,-79.52151489257812,9341.1630859375,-18855.6484375
337,2.1459901332855225,-4741.1357421875,-4728.4873046875,-9460.0595703125,9469.623046875,-86.73121643066406,9385.037109375,-18936.88671875
338,2.080031633377075,-4767.12841796875,-4751.271484375,-9506.064453125,9518.400390625,-82.76414489746094,9437.716796875,-19040.466796875
339,1.9585925340652466,-4791.11767578125,-4769.9306640625,-9548.369140625,9561.048828125,-86.36387634277344,9476.6435546875,-19119.87890625
340,2.0079596042633057,-4813.7177734375,-4792.9453125,-9595.9375,9606.6630859375,-86.49468231201172,9522.17578125,-19196.65625
341,2.0287485122680664,-4826.6328125,-4823.880859375,-9642.6953125,9650.513671875,-82.85064697265625,9569.69140625,-19309.005859375
342,2.2756969928741455,-4851.515625,-4846.2421875,-9677.779296875,9697.7578125,-82.77027893066406,9617.2626953125,-19388.11328125
343,1.584552526473999,-4869.19140625,-4865.5107421875,-9733.1328125,9734.7021484375,-82.31716918945312,9653.9697265625,-19482.443359375
344,1.9652378559112549,-4891.70068359375,-4891.9658203125,-9772.859375,9783.666015625,-84.17123413085938,9701.4599609375,-19560.109375
345,2.0900633335113525,-4916.123046875,-4905.69140625,-9824.70703125,9821.814453125,-83.63766479492188,9740.2666015625,-19644.09375
346,1.6040422916412354,-4937.2998046875,-4933.9970703125,-9866.73828125,9871.296875,-82.91847229003906,9789.982421875,-19742.330078125
347,1.5783292055130005,-4955.8759765625,-4945.7294921875,-9913.720703125,9901.60546875,-84.05311584472656,9819.130859375,-19826.9609375
348,2.1593151092529297,-4973.36572265625,-4971.95751953125,-9963.14453125,9945.3232421875,-83.95904541015625,9863.5234375,-19920.546875
349,2.0758988857269287,-5010.6357421875,-4996.896484375,-10002.9892578125,10007.5322265625,-88.67250061035156,9920.935546875,-20010.716796875
350,2.073859453201294,-5025.79052734375,-5013.0263671875,-10053.49609375,10038.81640625,-86.898681640625,9953.9921875,-20106.634765625
351,2.114518404006958,-5055.2607421875,-5035.453125,-10088.51171875,10090.7138671875,-86.16127014160156,10006.6669921875,-20188.58203125
352,1.557015299797058,-5070.271484375,-5061.9599609375,-10138.4033203125,10132.2314453125,-85.45146942138672,10048.3369140625,-20286.583984375
353,1.661286473274231,-5092.390625,-5080.45654296875,-10185.92578125,10172.84765625,-85.5269775390625,10088.9814453125,-20375.90625
354,1.6038299798965454,-5115.845703125,-5106.5908203125,-10236.0615234375,10222.4365234375,-86.18972778320312,10137.8505859375,-20475.158203125
355,1.962820291519165,-5139.9560546875,-5135.8466796875,-10284.3544921875,10275.802734375,-86.33364868164062,10191.431640625,-20573.44140625
356,2.0076565742492676,-5168.21875,-5157.61669921875,-10333.92578125,10325.8359375,-88.04967498779297,10239.7939453125,-20672.5390625
357,2.0962250232696533,-5189.3291015625,-5175.7216796875,-10373.9365234375,10365.05078125,-88.60796356201172,10278.5390625,-20754.44921875
358,1.8463709354400635,-5213.86083984375,-5199.26953125,-10422.7890625,10413.130859375,-92.06790161132812,10322.9091796875,-20844.83203125
359,1.7897826433181763,-5240.50732421875,-5224.6181640625,-10460.1015625,10465.125,-95.08293151855469,10371.83203125,-20932.361328125
360,1.8521599769592285,-5258.90771484375,-5239.79541015625,-10511.630859375,10498.703125,-89.4937744140625,10411.0615234375,-21020.154296875
361,1.9698965549468994,-5282.212890625,-5271.830078125,-10562.4609375,10554.04296875,-90.12357330322266,10465.888671875,-21131.3828125
362,2.1637401580810547,-5304.8662109375,-5289.86376953125,-10606.73828125,10594.73046875,-90.57760620117188,10506.3173828125,-21213.6171875
363,1.5453767776489258,-5324.4853515625,-5318.994140625,-10655.8251953125,10643.4794921875,-89.50320434570312,10555.521484375,-21308.90234375
364,2.1181766986846924,-5350.20263671875,-5326.28125,-10688.5302734375,10676.484375,-90.17828369140625,10588.423828125,-21363.23828125
365,1.7647347450256348,-5371.32861328125,-5364.63671875,-10737.52734375,10735.96484375,-94.40135192871094,10643.328125,-21479.837890625
366,1.4150935411453247,-5386.265625,-5375.90185546875,-10786.6484375,10762.16796875,-90.63325500488281,10672.9501953125,-21566.16015625
367,1.4567584991455078,-5412.06005859375,-5408.18359375,-10836.953125,10820.244140625,-94.70686340332031,10726.994140625,-21653.333984375
368,2.222458600997925,-5431.50048828125,-5423.85009765625,-10880.146484375,10855.3505859375,-91.48764038085938,10766.0859375,-21757.978515625
369,2.2544519901275635,-5466.2978515625,-5449.7744140625,-10929.1240234375,10916.072265625,-92.0001449584961,10826.3271484375,-21845.228515625
370,1.98428213596344,-5480.94921875,-5466.17822265625,-10985.7353515625,10947.126953125,-94.7571029663086,10854.3544921875,-21953.9296875
371,1.921818494796753,-5507.0634765625,-5495.326171875,-11030.2919921875,11002.3896484375,-93.47950744628906,10910.83203125,-22043.14453125
372,1.7159909009933472,-5532.154296875,-5525.73388671875,-11080.771484375,11057.888671875,-93.5099868774414,10966.0947265625,-22156.265625
373,2.1277554035186768,-5560.3115234375,-5546.2705078125,-11131.14453125,11106.58203125,-94.16415405273438,11014.5458984375,-22246.134765625
374,1.719789743423462,-5582.38916015625,-5570.53955078125,-11179.3681640625,11152.9287109375,-93.7401123046875,11060.908203125,-22346.099609375
375,2.0426018238067627,-5608.177734375,-5592.2939453125,-11232.126953125,11200.4716796875,-100.75199890136719,11101.7626953125,-22445.12109375
376,1.4185905456542969,-5623.8173828125,-5616.27685546875,-11270.4638671875,11240.09375,-94.48826599121094,11147.0244140625,-22524.2734375
377,1.97562837600708,-5657.7861328125,-5640.88720703125,-11321.125,11298.673828125,-96.13253784179688,11204.5166015625,-22621.92578125
378,2.38533878326416,-5689.0712890625,-5660.2080078125,-11374.994140625,11349.279296875,-95.60841369628906,11256.056640625,-22729.87890625
379,1.9337947368621826,-5702.53173828125,-5689.2529296875,-11424.88671875,11391.78515625,-99.27000427246094,11294.44921875,-22827.537109375
380,1.9055511951446533,-5727.01708984375,-5714.60546875,-11473.298828125,11441.623046875,-98.2489013671875,11345.279296875,-22932.99609375
381,2.026813507080078,-5749.65625,-5742.03466796875,-11519.181640625,11491.69140625,-98.25735473632812,11395.4599609375,-23019.3515625
382,2.0615296363830566,-5771.4609375,-5761.4755859375,-11569.884765625,11532.9365234375,-99.94038391113281,11435.0576171875,-23118.4765625
383,2.03505277633667,-5804.25830078125,-5785.05810546875,-11621.0859375,11589.31640625,-99.27840423583984,11492.0732421875,-23219.240234375
384,1.698917031288147,-5820.6064453125,-5809.31591796875,-11664.96484375,11629.921875,-97.68522644042969,11533.935546875,-23312.2109375
385,2.1197493076324463,-5845.3369140625,-5831.2421875,-11719.412109375,11676.5791015625,-100.76521301269531,11577.93359375,-23411.54296875
386,1.9926728010177612,-5870.1767578125,-5860.86767578125,-11767.322265625,11731.044921875,-101.89631652832031,11631.140625,-23502.96875
387,1.6279034614562988,-5891.9306640625,-5883.47802734375,-11817.759765625,11775.408203125,-98.97468566894531,11678.0615234375,-23596.208984375
388,2.3168132305145264,-5925.595703125,-5905.8359375,-11863.662109375,11831.431640625,-99.74801635742188,11734.0,-23710.12890625
389,2.285371780395508,-5953.6328125,-5926.6923828125,-11914.3818359375,11880.3251953125,-100.12677001953125,11782.4833984375,-23796.697265625
390,2.0615415573120117,-5969.2939453125,-5947.6796875,-11966.0625,11916.9736328125,-100.42933654785156,11818.60546875,-23901.498046875
391,1.5720198154449463,-5992.046875,-5975.93701171875,-12011.8203125,11967.984375,-101.211181640625,11868.345703125,-23992.70703125
392,2.0506021976470947,-6016.5791015625,-6001.0947265625,-12067.7421875,12017.673828125,-103.5543212890625,11916.169921875,-24098.92578125
393,1.4754830598831177,-6038.1630859375,-6026.44677734375,-12114.5,12064.609375,-101.42288208007812,11964.662109375,-24197.423828125
394,1.626047968864441,-6073.77294921875,-6049.97607421875,-12167.439453125,12123.7490234375,-107.063232421875,12018.3115234375,-24293.544921875
395,1.780013084411621,-6096.208984375,-6068.39892578125,-12212.5771484375,12164.607421875,-108.11846923828125,12058.26953125,-24396.521484375
396,1.6022770404815674,-6109.140625,-6092.21533203125,-12267.7958984375,12201.35546875,-103.5088119506836,12099.44921875,-24481.18359375
397,1.9149439334869385,-6137.59619140625,-6115.2998046875,-12314.61328125,12252.896484375,-105.18280792236328,12149.62890625,-24578.822265625
398,1.6556739807128906,-6166.5869140625,-6143.4423828125,-12367.740234375,12310.029296875,-109.97126770019531,12201.712890625,-24696.83984375
399,1.4147045612335205,-6182.330078125,-6169.9326171875,-12414.8828125,12352.2626953125,-104.0946044921875,12249.5830078125,-24786.8984375
400,1.8167750835418701,-6213.72412109375,-6194.0791015625,-12467.798828125,12407.802734375,-108.27578735351562,12301.34375,-24892.150390625
401,1.5663279294967651,-6235.734375,-6219.56298828125,-12509.935546875,12455.296875,-105.92610931396484,12350.9375,-24982.71875
402,1.48611319065094,-6255.96875,-6251.2919921875,-12568.859375,12507.2607421875,-105.11355590820312,12403.6337890625,-25098.66015625
403,2.027420997619629,-6287.35400390625,-6268.2607421875,-12555.064453125,12555.615234375,-108.70355224609375,12448.939453125,-25107.71484375
404,1.6864806413650513,-6314.2158203125,-6292.78125,-12661.2275390625,12606.9970703125,-106.57559204101562,12502.1083984375,-25288.876953125
405,1.6092021465301514,-6335.71142578125,-6322.802734375,-12720.849609375,12658.513671875,-107.74616241455078,12552.376953125,-25393.11328125
406,1.9668846130371094,-6361.2822265625,-6350.505859375,-12771.20703125,12711.7880859375,-111.44442749023438,12602.310546875,-25505.21875
407,1.5686308145523071,-6386.779296875,-6376.13525390625,-12813.142578125,12762.9140625,-107.98851013183594,12656.494140625,-25591.6015625
408,1.4017882347106934,-6408.6513671875,-6400.8125,-12872.8388671875,12809.4638671875,-108.5653076171875,12702.2998046875,-25700.654296875
409,1.4923419952392578,-6428.8857421875,-6421.23046875,-12925.966796875,12850.1162109375,-108.49710083007812,12743.111328125,-25797.4296875
410,1.8146179914474487,-6465.38427734375,-6451.53662109375,-12976.634765625,12916.9208984375,-109.96915435791016,12808.7666015625,-25896.34375
411,1.9672049283981323,-6490.5625,-6483.0830078125,-13027.5302734375,12973.6455078125,-110.45823669433594,12865.154296875,-26006.720703125
412,1.6515069007873535,-6515.9306640625,-6502.3974609375,-13079.841796875,13018.328125,-116.71383666992188,12903.265625,-26102.208984375
413,1.4017486572265625,-6532.0166015625,-6525.60693359375,-13126.763671875,13057.623046875,-110.26202392578125,12948.7626953125,-26202.201171875
414,1.6966602802276611,-6564.1865234375,-6552.93212890625,-13183.751953125,13117.119140625,-115.61276245117188,13003.203125,-26308.62890625
415,1.3065193891525269,-6580.22705078125,-6571.9150390625,-13228.9794921875,13152.142578125,-111.18580627441406,13042.263671875,-26401.044921875
416,1.7878203392028809,-6613.4296875,-6588.802734375,-13285.009765625,13202.232421875,-115.9558334350586,13088.064453125,-26497.5703125
417,1.2325506210327148,-6631.0048828125,-6623.9287109375,-13312.501953125,13254.93359375,-111.50270080566406,13144.6630859375,-26575.82421875
418,1.418602705001831,-6656.58642578125,-6656.1748046875,-13384.81640625,13312.76171875,-112.32919311523438,13201.8515625,-26708.384765625
419,1.5980346202850342,-6682.1962890625,-6669.97998046875,-13437.212890625,13352.17578125,-115.3704833984375,13238.4033203125,-26809.62109375
420,1.5222752094268799,-6711.77001953125,-6699.3525390625,-13493.533203125,13411.123046875,-113.8042984008789,13298.8408203125,-26912.505859375
421,1.713520884513855,-6739.6982421875,-6725.8583984375,-13540.0703125,13465.556640625,-115.0600357055664,13352.2109375,-27015.380859375
422,1.408080816268921,-6759.5517578125,-6753.5556640625,-13590.9921875,13513.107421875,-114.1517562866211,13400.3642578125,-27108.7109375
423,1.4142284393310547,-6785.80712890625,-6770.919921875,-13645.708984375,13556.7265625,-114.15176391601562,13443.9892578125,-27213.83984375
424,1.4701765775680542,-6809.720703125,-6803.89453125,-13695.6513671875,13613.615234375,-114.7618408203125,13500.3232421875,-27313.3125
425,2.1383168697357178,-6844.14453125,-6824.83056640625,-13747.537109375,13668.974609375,-115.63883972167969,13555.474609375,-27416.373046875
426,1.2931376695632935,-6862.0478515625,-6856.2841796875,-13802.583984375,13718.33203125,-115.85713958740234,13603.767578125,-27533.373046875
427,1.677331805229187,-6893.67724609375,-6877.255859375,-13860.2587890625,13770.93359375,-116.5611343383789,13656.0498046875,-27639.98046875
428,1.5409173965454102,-6913.193359375,-6902.638671875,-13912.5537109375,13815.83203125,-116.25762939453125,13701.115234375,-27747.80078125
429,1.352009892463684,-6941.44580078125,-6932.6826171875,-13968.298828125,13874.12890625,-117.31170654296875,13758.1689453125,-27861.5
430,1.7422550916671753,-6970.2607421875,-6960.0830078125,-14016.662109375,13930.34375,-117.94023895263672,13814.1455078125,-27962.1953125
431,1.6124345064163208,-7000.578125,-6984.1650390625,-14061.7734375,13984.7431640625,-121.3427963256836,13865.0126953125,-28058.7890625
432,1.9398579597473145,-7028.0771484375,-7013.939453125,-14129.1953125,14042.0166015625,-118.86180114746094,13925.0947265625,-28178.693359375
433,1.3881362676620483,-7044.576171875,-7044.24609375,-14186.970703125,14088.822265625,-118.80807495117188,13971.40234375,-28295.32421875
434,1.762803316116333,-7082.37060546875,-7065.416015625,-14237.9638671875,14147.787109375,-121.83729553222656,14027.712890625,-28402.765625
435,1.5882307291030884,-7095.43994140625,-7096.16455078125,-14285.48828125,14191.6044921875,-119.89317321777344,14073.298828125,-28490.970703125
436,1.629286527633667,-7134.896484375,-7119.548828125,-14343.5361328125,14254.4453125,-125.14865112304688,14130.92578125,-28593.720703125
437,1.6664541959762573,-7151.3203125,-7155.8056640625,-14397.6083984375,14307.1259765625,-122.00760650634766,14186.7841796875,-28707.1796875
438,1.7851402759552002,-7179.1875,-7176.646484375,-14448.876953125,14355.833984375,-122.45098876953125,14235.16796875,-28809.15625
439,1.5664697885513306,-7206.416015625,-7193.43359375,-14499.1318359375,14399.849609375,-122.1322021484375,14279.2841796875,-28919.279296875
440,1.364256739616394,-7234.21435546875,-7213.609375,-14559.9111328125,14447.82421875,-122.06829833984375,14327.1201171875,-29027.09765625
441,1.6736048460006714,-7262.44287109375,-7246.4716796875,-14613.9140625,14508.9140625,-125.09325408935547,14385.4951171875,-29142.181640625
442,1.6187005043029785,-7288.3837890625,-7273.47802734375,-14666.12890625,14561.861328125,-125.66754150390625,14437.8125,-29240.1875
443,1.2967267036437988,-7314.248046875,-7295.94921875,-14719.9892578125,14610.197265625,-122.89283752441406,14488.6015625,-29339.666015625
444,1.9545972347259521,-7338.919921875,-7324.728515625,-14775.576171875,14663.6484375,-124.73226928710938,14540.87109375,-29460.96484375
445,1.4428093433380127,-7360.30615234375,-7348.73681640625,-14824.0009765625,14709.04296875,-123.8935775756836,14586.591796875,-29553.4296875
446,1.4671581983566284,-7390.17041015625,-7375.353515625,-14876.296875,14765.5234375,-129.10324096679688,14637.88671875,-29660.07421875
447,1.3900728225708008,-7413.71484375,-7405.166015625,-14936.259765625,14818.880859375,-124.90145111083984,14695.369140625,-29769.205078125
448,1.8411526679992676,-7442.33837890625,-7435.5703125,-14992.583984375,14877.908203125,-126.75479125976562,14752.994140625,-29885.912109375
449,1.6961345672607422,-7470.5576171875,-7462.53125,-15042.30859375,14933.0888671875,-134.89793395996094,14799.8876953125,-29976.904296875
450,2.018385410308838,-7497.24853515625,-7489.5673828125,-15097.953125,14986.81640625,-129.4669189453125,14859.3681640625,-30107.109375
451,1.8929201364517212,-7526.6806640625,-7524.7060546875,-15158.4404296875,15051.38671875,-127.66950988769531,14925.609375,-30211.39453125
452,1.4597156047821045,-7546.21240234375,-7548.4033203125,-15212.658203125,15094.615234375,-127.60286712646484,14968.47265625,-30328.23046875
453,2.5100975036621094,-7588.3994140625,-7577.05859375,-15269.138671875,15165.4580078125,-128.4326934814453,15039.53515625,-30425.0078125
454,2.135502338409424,-7611.4990234375,-7594.6533203125,-15319.126953125,15206.15234375,-130.5576629638672,15077.73046875,-30533.90234375
455,2.1489171981811523,-7635.4951171875,-7613.5390625,-15380.5078125,15249.0341796875,-131.20391845703125,15119.978515625,-30650.833984375
456,1.9049363136291504,-7662.7001953125,-7643.2099609375,-15433.21875,15305.91015625,-132.05023193359375,15175.765625,-30751.830078125
457,1.9641412496566772,-7687.37744140625,-7678.6201171875,-15486.55078125,15365.998046875,-130.82803344726562,15237.1337890625,-30861.44921875
458,1.8171221017837524,-7711.9150390625,-7705.8232421875,-15546.58203125,15417.73828125,-130.23760986328125,15289.318359375,-30980.0546875
459,2.3459811210632324,-7744.6640625,-7737.27001953125,-15603.236328125,15481.93359375,-134.11167907714844,15350.16796875,-31088.69140625
460,2.4234988689422607,-7768.578125,-7748.373046875,-15656.203125,15516.951171875,-134.81687927246094,15384.55859375,-31199.0234375
461,1.5495644807815552,-7797.3154296875,-7782.220703125,-15715.17578125,15579.5361328125,-131.319580078125,15449.7666015625,-31310.662109375
462,2.439427137374878,-7828.744140625,-7807.3720703125,-15767.310546875,15636.1162109375,-134.63174438476562,15503.923828125,-31423.69140625
463,1.7218059301376343,-7854.5185546875,-7842.93115234375,-15826.9248046875,15697.44921875,-132.82272338867188,15566.3486328125,-31537.8828125
464,1.5390758514404297,-7884.38671875,-7869.8623046875,-15882.138671875,15754.2490234375,-132.893310546875,15622.89453125,-31645.416015625
465,1.8111512660980225,-7910.9921875,-7897.1220703125,-15937.029296875,15808.1142578125,-134.30857849121094,15675.6171875,-31760.30859375
466,2.378535509109497,-7942.17431640625,-7921.8828125,-15995.578125,15864.056640625,-136.91477966308594,15729.5205078125,-31882.787109375
467,1.5389297008514404,-7961.359375,-7952.48486328125,-16053.29296875,15913.84375,-134.93753051757812,15780.4453125,-31978.03125
468,1.5265761613845825,-7988.1962890625,-7976.716796875,-16105.462890625,15964.9130859375,-135.01766967773438,15831.421875,-32086.015625
469,2.1373767852783203,-8020.51416015625,-8002.634765625,-16159.853515625,16023.1484375,-137.7115478515625,15887.57421875,-32208.2734375
470,1.5758676528930664,-8039.44140625,-8017.8720703125,-16220.3994140625,16057.3134765625,-136.52325439453125,15922.3662109375,-32323.1015625
471,2.354705810546875,-8077.0087890625,-8046.91455078125,-16256.76171875,16123.923828125,-136.8284454345703,15989.4501953125,-32405.126953125
472,1.5192757844924927,-8096.7744140625,-8079.63818359375,-16281.029296875,16176.412109375,-136.57000732421875,16041.361328125,-32428.8984375
473,1.5183470249176025,-8109.53515625,-8096.70849609375,-16318.455078125,16206.244140625,-137.2895050048828,16070.4736328125,-32486.76953125
474,2.049245834350586,-8027.26171875,-7893.31787109375,-1316.1796875,15920.580078125,-141.16879272460938,15781.4599609375,-4005.20166015625
475,1.684868574142456,-4810.115234375,-4764.51171875,-6183.29931640625,9574.626953125,-142.77684020996094,9433.53515625,-22147.203125
476,1.3925726413726807,-6486.2958984375,-6910.1220703125,-9197.451171875,13396.41796875,-138.71485900878906,13259.095703125,-18668.029296875
477,1.1743948459625244,-4567.646484375,-5223.6083984375,-13736.2197265625,9791.2548828125,-138.7730712890625,9653.65625,-26662.48046875
478,1.6497328281402588,-7159.7783203125,-6780.5537109375,-14940.587890625,13940.33203125,-140.59683227539062,13801.384765625,-28458.203125
479,1.5826835632324219,-7603.720703125,-7167.9375,-15148.3564453125,14771.658203125,-142.2427520751953,14630.998046875,-26852.841796875
480,1.3226014375686646,-7174.970703125,-6443.6923828125,-14723.2294921875,13618.6630859375,-140.8028564453125,13479.1826171875,-29686.48828125
481,1.2866535186767578,-7768.6875,-7426.02490234375,-15447.5478515625,15194.712890625,-141.0149688720703,15054.9853515625,-30672.654296875
482,1.447368860244751,-7920.36328125,-7624.9853515625,-15866.2158203125,15545.3486328125,-141.61990356445312,15405.17578125,-31409.12890625
483,1.700553297996521,-8015.75390625,-7768.318359375,-15946.71484375,15784.072265625,-147.20175170898438,15638.5703125,-31152.62890625
484,2.020199775695801,-8004.61376953125,-7717.0263671875,-15659.603515625,15721.640625,-144.74325561523438,15578.91796875,-31533.478515625
485,2.542003631591797,-8108.759765625,-7851.857421875,-16348.064453125,15960.6171875,-142.1830291748047,15820.9765625,-32004.857421875
486,3.622347116470337,-8171.615234375,-7518.02783203125,-16185.02734375,15689.642578125,-143.52560424804688,15549.7392578125,-32133.888671875
487,4.751162528991699,-8229.1474609375,-7898.369140625,-16560.0078125,16127.5166015625,-144.61773681640625,15987.6494140625,-32701.513671875
488,5.49416971206665,-8320.716796875,-7944.380859375,-16712.48828125,16265.09765625,-144.03375244140625,16126.5576171875,-33014.6328125
489,5.969696998596191,-8402.306640625,-7992.04833984375,-16871.72265625,16394.35546875,-144.35130310058594,16255.97265625,-33352.609375
490,6.342874050140381,-8447.29296875,-8036.6328125,-16919.927734375,16483.92578125,-144.8881378173828,16345.3818359375,-33550.23046875
491,6.704357147216797,-8495.3642578125,-8138.283203125,-17082.18359375,16633.6484375,-146.4461212158203,16493.908203125,-33787.9375
492,7.051560878753662,-8559.314453125,-8236.0,-17144.9453125,16795.314453125,-145.91790771484375,16656.447265625,-33989.84375
493,7.358494281768799,-8609.283203125,-8344.083984375,-17231.9453125,16953.3671875,-146.44493103027344,16814.28125,-34211.5703125
494,7.7019500732421875,-8650.2783203125,-8330.736328125,-17209.6875,16981.015625,-146.82778930664062,16841.888671875,-34250.8515625
495,8.013225555419922,-8689.91796875,-8477.5390625,-17345.271484375,17167.45703125,-147.6033172607422,17027.8671875,-34362.921875
496,8.307140350341797,-8723.40234375,-8471.037109375,-17433.59375,17194.439453125,-148.68698120117188,17054.05859375,-34454.0234375
497,9.013289451599121,-8714.76953125,-8484.97265625,-17527.466796875,17199.7421875,-148.31936645507812,17060.435546875,-34466.40625
498,10.266277313232422,-8656.326171875,-8469.9150390625,-17582.796875,17126.2421875,-148.77426147460938,16987.734375,-34681.45703125
499,10.594310760498047,-8709.66015625,-8535.2353515625,-17539.7890625,17244.89453125,-149.80850219726562,17105.6796875,-34798.80078125
500,10.835052490234375,-8741.66015625,-8577.1630859375,-17648.921875,17318.82421875,-150.4380645751953,17179.22265625,-34988.98046875
