index,l1_loss,d_recon,d_fake,d_real,d_loss,loss1,loss2
500,4.9415483474731445,-8822.685546875,-8560.322265625,-17847.96875,17383.0078125,17394.7109375,-35411.875
501,6.326016426086426,-8929.76953125,-8826.43359375,-17869.060546875,17756.203125,17770.80078125,-35535.484375
502,6.749688148498535,-8926.2412109375,-8838.3359375,-17928.48046875,17764.578125,17778.8359375,-35753.9921875
503,6.795568943023682,-8949.05859375,-8866.5849609375,-17984.103515625,17815.64453125,17829.619140625,-35816.86328125
504,6.900362968444824,-9003.51171875,-8917.78125,-18027.97265625,17921.29296875,17934.9921875,-35931.84375
505,6.8289713859558105,-9024.1943359375,-8943.9296875,-18073.84375,17968.125,17981.125,-36036.87890625
506,6.66386604309082,-9052.232421875,-8970.87890625,-18069.84765625,18023.111328125,18036.494140625,-36050.35546875
507,6.589045524597168,-9068.39453125,-8982.716796875,-18161.1640625,18051.111328125,18064.830078125,-36222.51171875
508,6.585561752319336,-9096.7998046875,-8984.10546875,-18209.15625,18080.90625,18094.689453125,-36317.9140625
509,6.4277191162109375,-9128.298828125,-9024.2763671875,-18257.462890625,18152.57421875,18166.59765625,-36426.1640625
510,6.512119770050049,-9152.25,-9075.556640625,-18311.158203125,18227.806640625,18241.20703125,-36493.3046875
511,6.363284587860107,-9169.533203125,-9095.3291015625,-18300.451171875,18264.86328125,18278.96484375,-36537.375
512,6.340129852294922,-9185.375,-9088.806640625,-18394.671875,18274.181640625,18287.890625,-36689.94921875
513,6.1763410568237305,-9205.84375,-9129.77734375,-18441.0,18335.62109375,18349.642578125,-36801.828125
514,6.371869087219238,-9239.7392578125,-9152.3037109375,-18478.7734375,18392.04296875,18406.1875,-36869.65625
515,6.023025989532471,-9263.876953125,-9165.9638671875,-18518.109375,18429.83984375,18442.85546875,-36959.6484375
516,5.920267581939697,-9293.671875,-9189.8583984375,-18533.04296875,18483.53125,18496.990234375,-37001.98046875
517,5.77349853515625,-9316.5693359375,-9208.107421875,-18599.81640625,18524.67578125,18538.26171875,-37080.4921875
518,5.548800468444824,-9332.375,-9215.8837890625,-18661.134765625,18548.2578125,18561.705078125,-37193.76953125
519,5.510350227355957,-9349.123046875,-9257.650390625,-18703.98828125,18606.7734375,18620.9296875,-37257.578125
520,5.617855072021484,-9370.30078125,-9269.6845703125,-18753.33203125,18639.984375,18653.384765625,-37340.953125
521,5.716609954833984,-9386.515625,-9269.5712890625,-18792.9453125,18656.0859375,18670.255859375,-37418.3828125
522,5.874983787536621,-9408.521484375,-9296.1259765625,-18828.7421875,18704.6484375,18718.462890625,-37533.54296875
523,5.980872631072998,-9430.015625,-9311.73046875,-18884.2734375,18741.74609375,18755.78125,-37627.05078125
524,6.083878993988037,-9449.099609375,-9309.185546875,-18924.390625,18758.28515625,18772.1328125,-37731.59375
525,6.198732376098633,-9487.1796875,-9358.642578125,-18965.818359375,18845.822265625,18859.11328125,-37843.203125
526,6.221457004547119,-9531.505859375,-9399.6259765625,-19022.185546875,18931.1328125,18943.970703125,-37943.9140625
527,6.379385948181152,-9565.08203125,-9402.2392578125,-19064.49609375,18967.3203125,18980.79296875,-38050.875
528,6.390683650970459,-9594.283203125,-9420.7158203125,-19115.08203125,19015.0,19027.560546875,-38138.4296875
529,6.284697532653809,-9608.1064453125,-9439.28515625,-19161.197265625,19047.390625,19060.1484375,-38252.109375
530,6.148891448974609,-9622.71484375,-9474.869140625,-19198.181640625,19097.583984375,19110.353515625,-38294.16796875
531,5.963282585144043,-9634.326171875,-9500.47265625,-19243.953125,19134.798828125,19146.486328125,-38384.0625
532,5.682097434997559,-9648.955078125,-9533.5849609375,-19294.33984375,19182.5390625,19194.107421875,-38467.8046875
533,5.505631446838379,-9676.5791015625,-9531.60546875,-19331.619140625,19208.18359375,19219.251953125,-38550.27734375
534,5.34480619430542,-9701.4990234375,-9574.2861328125,-19377.146484375,19275.78515625,19287.275390625,-38659.0
535,5.238576412200928,-9737.19921875,-9591.5673828125,-19421.255859375,19328.765625,19339.96484375,-38775.5859375
536,5.244009017944336,-9767.1240234375,-9621.7734375,-19476.431640625,19388.8984375,19399.69921875,-38892.36328125
537,5.398234844207764,-9801.1943359375,-9609.240234375,-19514.494140625,19410.43359375,19421.03515625,-38982.28125
538,5.58159875869751,-9833.984375,-9643.4150390625,-19563.578125,19477.3984375,19488.1484375,-39056.8671875
539,5.814961910247803,-9853.083984375,-9682.7021484375,-19608.5390625,19535.78515625,19547.3046875,-39183.12890625
540,5.978663444519043,-9886.005859375,-9716.4609375,-19665.46875,19602.466796875,19613.99609375,-39268.515625
541,6.204679489135742,-9911.4140625,-9725.810546875,-19706.16015625,19637.224609375,19648.763671875,-39333.1953125
542,6.395227432250977,-9941.021484375,-9738.01171875,-19740.162109375,19679.033203125,19691.14453125,-39413.6640625
543,6.6866374015808105,-9952.3115234375,-9776.8515625,-19801.853515625,19729.1640625,19741.765625,-39519.3203125
544,6.631508827209473,-9973.90234375,-9784.240234375,-19845.25390625,19758.142578125,19770.49609375,-39579.515625
545,6.895853042602539,-9987.791015625,-9801.5283203125,-19894.294921875,19789.3203125,19801.9609375,-39684.71875
546,6.8319268226623535,-9986.4345703125,-9845.27734375,-19930.55078125,19831.7109375,19846.2890625,-39757.8046875
547,6.616456031799316,-9999.998046875,-9856.2900390625,-19989.5078125,19856.2890625,19870.017578125,-39816.85546875
548,6.032249450683594,-9999.18359375,-9898.33203125,-20025.90625,19897.515625,19911.2109375,-39906.6953125
549,5.794402122497559,-10026.80859375,-9899.34765625,-20056.39453125,19926.15625,19939.345703125,-39997.390625
550,5.7556047439575195,-10045.4140625,-9924.8515625,-20106.134765625,19970.265625,19984.099609375,-40087.40234375
551,5.873199462890625,-10067.1201171875,-9941.083984375,-20159.7890625,20008.203125,20021.451171875,-40184.8203125
552,5.937320709228516,-10105.990234375,-9973.6728515625,-20213.712890625,20079.6640625,20093.3203125,-40297.94140625
553,5.999669551849365,-10115.3623046875,-10011.162109375,-20256.90234375,20126.5234375,20140.5,-40376.69140625
554,6.5564494132995605,-10145.322265625,-10032.6943359375,-20278.48046875,20178.015625,20191.0,-40458.5078125
555,7.530806541442871,-10179.197265625,-10059.8662109375,-20348.45703125,20239.0625,20252.86328125,-40563.01171875
556,8.500572204589844,-10185.076171875,-10109.2294921875,-20392.84375,20294.3046875,20310.521484375,-40649.953125
557,9.34166145324707,-10214.8349609375,-10123.2939453125,-20436.943359375,20338.12890625,20354.900390625,-40797.05078125
558,10.041441917419434,-10249.17578125,-10138.4873046875,-20490.42578125,20387.6640625,20406.29296875,-40927.71875
559,10.328812599182129,-10279.74609375,-10161.54296875,-20536.099609375,20441.2890625,20458.8125,-40974.921875
560,10.217948913574219,-10307.2578125,-10191.96484375,-20586.0078125,20499.22265625,20516.50390625,-41075.2421875
561,10.456750869750977,-10311.1357421875,-10220.4375,-20644.794921875,20531.57421875,20548.00390625,-41149.734375
562,10.69271183013916,-10312.8671875,-10232.169921875,-20668.76171875,20545.037109375,20562.1875,-41163.2109375
563,11.291608810424805,-10313.146484375,-10261.5615234375,-20742.3359375,20574.70703125,20592.833984375,-41260.3203125
564,11.780265808105469,-10316.912109375,-10288.08984375,-20774.2734375,20605.001953125,20625.0703125,-41362.37109375
565,11.922380447387695,-10361.9814453125,-10292.78515625,-20812.716796875,20654.765625,20673.828125,-41453.89453125
566,11.814814567565918,-10383.98046875,-10295.3154296875,-20882.12109375,20679.296875,20697.865234375,-41595.7421875
567,11.631869316101074,-10414.9931640625,-10335.97265625,-20925.421875,20750.96484375,20769.96484375,-41697.80859375
568,11.513202667236328,-10450.3623046875,-10373.412109375,-20982.603515625,20823.7734375,20841.400390625,-41806.3046875
569,11.617578506469727,-10471.9658203125,-10372.4599609375,-21030.529296875,20844.42578125,20862.005859375,-41882.2578125
570,11.818534851074219,-10491.54296875,-10389.888671875,-21079.20703125,20881.431640625,20899.451171875,-41957.34375
571,11.80862808227539,-10509.173828125,-10434.400390625,-21123.4140625,20943.57421875,20962.123046875,-42080.1875
572,11.627374649047852,-10555.2197265625,-10462.439453125,-21168.08203125,21017.66015625,21035.2578125,-42175.20703125
573,11.43023681640625,-10583.5,-10489.755859375,-21227.73828125,21073.255859375,21091.078125,-42290.21875
574,11.21577262878418,-10604.150390625,-10513.609375,-21277.75390625,21117.759765625,21134.908203125,-42366.05078125
575,10.661958694458008,-10626.974609375,-10507.40625,-21322.90625,21134.380859375,21151.890625,-42469.203125
576,10.023131370544434,-10643.103515625,-10563.130859375,-21364.7265625,21206.234375,21222.80078125,-42593.9140625
577,9.66871166229248,-10676.71484375,-10578.65234375,-21416.171875,21255.3671875,21271.4375,-42715.79296875
578,9.343414306640625,-10708.0263671875,-10633.5068359375,-21463.671875,21341.533203125,21357.109375,-42770.84765625
579,9.247441291809082,-10739.7890625,-10621.7890625,-21506.9375,21361.578125,21376.912109375,-42871.6328125
580,9.266902923583984,-10769.84375,-10676.6494140625,-21561.2265625,21446.4921875,21462.763671875,-42988.453125
581,9.456960678100586,-10795.923828125,-10671.60546875,-21604.04296875,21467.529296875,21483.74609375,-43049.5703125
582,9.819293022155762,-10815.0126953125,-10683.072265625,-21661.318359375,21498.0859375,21514.216796875,-43154.09375
583,9.913521766662598,-10837.91015625,-10703.2373046875,-21701.755859375,21541.1484375,21557.244140625,-43254.75
584,9.989017486572266,-10875.15625,-10721.609375,-21751.833984375,21596.765625,21613.333984375,-43372.23046875
585,9.818941116333008,-10910.248046875,-10741.3818359375,-21810.341796875,21651.62890625,21668.12109375,-43477.71875
586,9.595024108886719,-10945.90625,-10741.953125,-21856.458984375,21687.859375,21703.798828125,-43577.6171875
587,9.32267951965332,-10968.201171875,-10798.9619140625,-21905.25390625,21767.1640625,21782.5625,-43654.1640625
588,9.318157196044922,-10987.44921875,-10797.8984375,-21957.390625,21785.34765625,21800.375,-43748.796875
589,9.065958023071289,-11017.111328125,-10843.4052734375,-22011.02734375,21860.515625,21877.0,-43852.05078125
590,8.944835662841797,-11041.048828125,-10847.783203125,-22062.974609375,21888.83203125,21904.634765625,-44013.89453125
591,8.494501113891602,-11039.4677734375,-10882.734375,-22103.09375,21922.203125,21937.876953125,-44027.4765625
592,8.338983535766602,-11047.224609375,-10947.291015625,-22160.328125,21994.515625,22009.548828125,-44124.7421875
593,8.226357460021973,-11055.748046875,-10940.38671875,-22196.8046875,21996.134765625,22011.603515625,-44212.8203125
594,7.967864036560059,-11070.958984375,-10975.9248046875,-22252.34765625,22046.8828125,22062.138671875,-44297.1875
595,7.748870372772217,-11095.931640625,-11008.70703125,-22305.353515625,22104.638671875,22120.119140625,-44451.390625
596,7.637939453125,-11132.86328125,-11063.134765625,-22356.9921875,22195.998046875,22210.6953125,-44508.0
597,7.27353048324585,-11158.74609375,-11070.5537109375,-22399.53125,22229.30078125,22244.25390625,-44596.51953125
598,7.045281410217285,-11181.6845703125,-11095.1298828125,-22460.59765625,22276.814453125,22290.234375,-44701.53125
599,6.576457977294922,-11187.751953125,-11082.4208984375,-22510.525390625,22270.171875,22283.876953125,-44779.6953125
600,6.236902236938477,-11208.0927734375,-11091.19921875,-22546.306640625,22299.29296875,22312.134765625,-44850.71484375
601,6.0651068687438965,-11233.986328125,-11139.6962890625,-22607.484375,22373.68359375,22386.841796875,-44985.4140625
602,5.9743266105651855,-11282.4931640625,-11169.642578125,-22653.57421875,22452.13671875,22463.908203125,-45105.3046875
603,5.713502883911133,-11311.85546875,-11199.4267578125,-22709.93359375,22511.28125,22522.46484375,-45250.65234375
604,5.940334796905518,-11357.685546875,-11228.3623046875,-22756.580078125,22586.046875,22596.92578125,-45363.09765625
605,6.106051921844482,-11404.3076171875,-11264.67578125,-22810.44921875,22668.984375,22680.423828125,-45482.1640625
606,6.12832498550415,-11437.4140625,-11297.013671875,-22855.62109375,22734.427734375,22745.623046875,-45619.86328125
607,6.2367658615112305,-11474.365234375,-11336.5625,-22912.580078125,22810.927734375,22821.9921875,-45750.65625
608,6.304814338684082,-11507.51171875,-11385.9853515625,-22950.255859375,22893.49609375,22904.14453125,-45820.25
609,6.388883590698242,-11546.505859375,-11378.3525390625,-23025.94921875,22924.859375,22935.3828125,-45972.51171875
610,6.366760730743408,-11572.28515625,-11410.794921875,-23068.400390625,22983.080078125,22993.255859375,-46051.69921875
611,6.2124152183532715,-11592.3017578125,-11458.814453125,-23096.423828125,23051.1171875,23062.8046875,-46131.24609375
612,6.363381385803223,-11626.34375,-11443.802734375,-23177.1875,23070.146484375,23080.265625,-46272.4140625
613,6.3600358963012695,-11636.615234375,-11494.02734375,-23223.25,23130.642578125,23140.833984375,-46316.9140625
614,6.231204032897949,-11636.404296875,-11521.849609375,-23279.888671875,23158.25390625,23168.255859375,-46355.3125
615,6.410804748535156,-11637.9609375,-11549.02734375,-23324.439453125,23186.98828125,23197.3125,-46453.4453125
616,6.593939781188965,-11659.283203125,-11555.87109375,-23382.94140625,23215.154296875,23226.12890625,-46589.6640625
617,6.771295547485352,-11685.8193359375,-11537.7783203125,-23435.9375,23223.59765625,23234.208984375,-46691.8515625
618,6.944924354553223,-11720.6611328125,-11561.890625,-23477.6328125,23282.55078125,23294.087890625,-46813.8359375
619,7.096329212188721,-11754.21875,-11614.86328125,-23538.08203125,23369.08203125,23380.5703125,-46954.7578125
620,7.183590412139893,-11785.07421875,-11645.986328125,-23588.421875,23431.060546875,23442.2265625,-46993.25390625
621,7.310667514801025,-11822.1787109375,-11706.03515625,-23644.67578125,23528.21484375,23540.60546875,-47184.28125
622,7.433044910430908,-11855.205078125,-11667.66015625,-23698.978515625,23522.865234375,23533.935546875,-47257.69140625
623,7.48274564743042,-11886.2421875,-11727.9140625,-23748.724609375,23614.15625,23625.458984375,-47343.14453125
624,7.742580890655518,-11900.6962890625,-11754.00390625,-23806.623046875,23654.69921875,23666.904296875,-47468.2421875
625,7.966799736022949,-11914.9892578125,-11801.501953125,-23862.09375,23716.4921875,23729.017578125,-47550.21875
626,8.105709075927734,-11919.076171875,-11812.1484375,-23899.771484375,23731.224609375,23744.251953125,-47597.4375
627,8.309807777404785,-11938.267578125,-11841.45703125,-23964.49609375,23779.724609375,23792.365234375,-47733.671875
628,8.392831802368164,-11970.9541015625,-11882.296875,-24017.439453125,23853.25,23865.607421875,-47812.86328125
629,8.525629997253418,-11997.44140625,-11888.3037109375,-24054.609375,23885.74609375,23897.658203125,-47910.3359375
630,8.563921928405762,-12033.953125,-11890.5859375,-24120.0390625,23924.5390625,23936.80078125,-48047.9375
631,8.649534225463867,-12063.2314453125,-11897.232421875,-24164.78515625,23960.46484375,23974.10546875,-48159.4453125
632,8.752647399902344,-12093.43359375,-11959.267578125,-24225.580078125,24052.701171875,24066.47265625,-48304.7421875
633,8.890351295471191,-12135.88671875,-11958.607421875,-24281.9609375,24094.494140625,24108.5546875,-48392.1484375
634,8.90129566192627,-12176.1669921875,-11995.703125,-24332.10546875,24171.87109375,24185.24609375,-48497.625
635,8.9918212890625,-12213.40234375,-11981.958984375,-24372.203125,24195.361328125,24208.6015625,-48615.390625
636,8.940560340881348,-12250.6123046875,-12020.703125,-24445.064453125,24271.31640625,24283.72265625,-48713.828125
637,8.917008399963379,-12277.04296875,-12067.6796875,-24493.69921875,24344.72265625,24358.275390625,-48839.7421875
638,8.895559310913086,-12308.59375,-12130.3203125,-24555.52734375,24438.9140625,24451.53125,-48939.58984375
639,8.895005226135254,-12336.552734375,-12122.9091796875,-24599.2109375,24459.4609375,24472.40234375,-49058.07421875
640,8.819746017456055,-12348.359375,-12165.376953125,-24657.994140625,24513.736328125,24527.556640625,-49178.359375
641,8.851495742797852,-12361.7021484375,-12173.7431640625,-24705.30078125,24535.4453125,24548.91796875,-49266.046875
642,8.819034576416016,-12382.892578125,-12159.7568359375,-24760.58984375,24542.6484375,24556.072265625,-49337.921875
643,8.712998390197754,-12417.396484375,-12271.30078125,-24811.03125,24688.697265625,24701.57421875,-49453.82421875
644,8.575418472290039,-12446.11328125,-12230.931640625,-24871.240234375,24677.044921875,24691.119140625,-49584.9140625
645,8.513276100158691,-12481.255859375,-12292.171875,-24925.904296875,24773.427734375,24786.888671875,-49697.3046875
646,8.50223445892334,-12509.357421875,-12286.16015625,-24981.2109375,24795.517578125,24808.771484375,-49765.90234375
647,8.360580444335938,-12524.69921875,-12344.513671875,-25032.0703125,24869.212890625,24882.39453125,-49866.34765625
648,8.472918510437012,-12545.0556640625,-12359.8642578125,-25087.66796875,24904.919921875,24917.283203125,-49979.41015625
649,8.509634971618652,-12559.251953125,-12371.02734375,-25140.4765625,24930.279296875,24943.7421875,-50094.63671875
650,8.645584106445312,-12571.2177734375,-12383.345703125,-25198.37109375,24954.5625,24968.25,-50157.48828125
651,8.926264762878418,-12582.982421875,-12437.6328125,-25252.701171875,25020.615234375,25035.130859375,-50257.234375
652,9.214920997619629,-12602.9853515625,-12491.234375,-25311.1640625,25094.21875,25107.8046875,-50326.1328125
653,9.695718765258789,-12606.59765625,-12506.7978515625,-25350.05078125,25113.39453125,25128.236328125,-50416.0078125
654,10.151498794555664,-12634.375,-12514.4609375,-25413.76953125,25148.8359375,25164.103515625,-50596.81640625
655,10.934943199157715,-12671.0849609375,-12524.9873046875,-25460.03515625,25196.072265625,25211.9453125,-50705.0703125
656,11.513437271118164,-12716.05078125,-12559.990234375,-25514.763671875,25276.041015625,25292.033203125,-50798.9609375
657,12.399398803710938,-12764.9892578125,-12603.09765625,-25574.712890625,25368.0859375,25384.044921875,-50951.6171875
658,13.289237022399902,-12795.8515625,-12596.4326171875,-25629.947265625,25392.28515625,25409.201171875,-51037.22265625
659,13.551745414733887,-12814.3828125,-12646.439453125,-25686.0546875,25460.822265625,25479.25,-51158.30078125
660,13.317490577697754,-12843.404296875,-12666.640625,-25738.453125,25510.044921875,25527.2578125,-51264.90625
661,13.168496131896973,-12859.462890625,-12682.12890625,-25795.53125,25541.591796875,25558.599609375,-51362.31640625
662,13.308602333068848,-12862.1982421875,-12739.583984375,-25856.4453125,25601.78125,25621.02734375,-51473.63671875
663,13.106195449829102,-12903.08203125,-12749.26171875,-25899.5390625,25652.34375,25670.046875,-51587.0234375
664,12.858118057250977,-12924.205078125,-12764.986328125,-25969.396484375,25689.19140625,25707.671875,-51660.109375
665,12.697186470031738,-12959.5390625,-12828.9775390625,-26023.583984375,25788.515625,25805.880859375,-51813.3828125
666,12.515130043029785,-12993.728515625,-12834.259765625,-26080.6640625,25827.98828125,25844.73828125,-51909.984375
667,12.264026641845703,-13026.23828125,-12886.20703125,-26130.19140625,25912.4453125,25929.3203125,-52036.328125
668,12.233372688293457,-13065.0771484375,-12873.376953125,-26187.2890625,25938.453125,25955.376953125,-52173.91015625
669,12.11208724975586,-13100.0048828125,-12917.810546875,-26242.96484375,26017.81640625,26037.767578125,-52277.28125
670,12.217439651489258,-13130.81640625,-12973.0234375,-26291.232421875,26103.83984375,26122.73046875,-52391.44140625
671,12.279372215270996,-13177.673828125,-12954.666015625,-26335.923828125,26132.33984375,26149.185546875,-52478.8671875
672,12.234312057495117,-13188.458984375,-12984.484375,-26417.95703125,26172.943359375,26190.41015625,-52634.3828125
673,12.241209030151367,-13205.32421875,-13062.13671875,-26471.6640625,26267.4609375,26286.474609375,-52683.68359375
674,12.170221328735352,-13267.2490234375,-13031.943359375,-26535.865234375,26299.19140625,26316.380859375,-52846.6953125
675,12.055597305297852,-13283.365234375,-13111.14453125,-26584.091796875,26394.509765625,26412.78125,-52894.84765625
676,12.356038093566895,-13279.2392578125,-13064.9853515625,-26641.1015625,26344.224609375,26362.666015625,-53034.421875
677,11.915447235107422,-13315.58203125,-13139.216796875,-26704.46484375,26454.798828125,26471.9296875,-53184.90234375
678,12.08639144897461,-13338.2568359375,-13141.220703125,-26755.509765625,26479.4765625,26497.26171875,-53230.9296875
679,12.288627624511719,-13354.1591796875,-13156.10546875,-26810.7109375,26510.265625,26528.5234375,-53391.15234375
680,12.551389694213867,-13371.564453125,-13207.6630859375,-26863.525390625,26579.2265625,26598.365234375,-53489.859375
681,12.53896713256836,-13405.1396484375,-13241.69140625,-26930.24609375,26646.83203125,26665.55078125,-53569.4921875
682,12.533045768737793,-13434.3994140625,-13269.54296875,-26989.6875,26703.94140625,26723.00390625,-53725.0625
683,12.310763359069824,-13466.2548828125,-13311.20703125,-27043.927734375,26777.4609375,26797.15234375,-53822.14453125
684,12.081774711608887,-13512.216796875,-13312.5,-27098.6640625,26824.716796875,26842.091796875,-53952.03515625
685,11.95751667022705,-13541.8037109375,-13362.287109375,-27158.8125,26904.08984375,26922.083984375,-54090.15625
686,12.050149917602539,-13570.6943359375,-13373.525390625,-27217.189453125,26944.21875,26963.2265625,-54205.53515625
687,11.829127311706543,-13608.1953125,-13407.416015625,-27266.892578125,27015.611328125,27033.853515625,-54288.62890625
688,11.930838584899902,-13641.1640625,-13489.462890625,-27332.810546875,27130.626953125,27148.8515625,-54407.5625
689,12.20175838470459,-13680.140625,-13492.740234375,-27375.572265625,27172.880859375,27190.927734375,-54531.859375
690,12.243228912353516,-13725.6796875,-13497.5322265625,-27451.88671875,27223.2109375,27241.34375,-54709.38671875
691,12.531635284423828,-13759.3671875,-13554.935546875,-27503.61328125,27314.302734375,27332.419921875,-54809.15234375
692,12.63772964477539,-13788.0556640625,-13540.8955078125,-27561.18359375,27328.951171875,27347.689453125,-54916.5625
693,12.613880157470703,-13818.544921875,-13589.712890625,-27616.42578125,27408.2578125,27426.1796875,-54997.3125
694,12.613723754882812,-13836.818359375,-13610.0576171875,-27678.27734375,27446.875,27466.267578125,-55098.71875
695,12.716350555419922,-13836.716796875,-13647.642578125,-27738.40625,27484.359375,27503.474609375,-55227.46484375
696,12.679947853088379,-13856.8916015625,-13702.990234375,-27786.220703125,27559.8828125,27578.666015625,-55345.890625
697,12.743244171142578,-13875.576171875,-13715.2587890625,-27841.357421875,27590.8359375,27610.3046875,-55409.890625
698,12.648237228393555,-13905.337890625,-13719.123046875,-27903.01953125,27624.4609375,27642.884765625,-55546.64453125
699,12.459630966186523,-13939.2861328125,-13759.541015625,-27965.578125,27698.828125,27716.416015625,-55681.953125
700,12.311491966247559,-13973.685546875,-13822.61328125,-28024.56640625,27796.298828125,27813.828125,-55776.9296875
701,12.065389633178711,-14000.8427734375,-13835.9052734375,-28083.271484375,27836.748046875,27854.0859375,-55938.46875
702,11.669710159301758,-14026.6875,-13882.23046875,-28148.00390625,27908.91796875,27925.337890625,-56042.77734375
703,11.3537015914917,-14047.6796875,-13918.103515625,-28207.19921875,27965.783203125,27982.017578125,-56161.92578125
704,11.073545455932617,-14071.5458984375,-13924.212890625,-28265.42578125,27995.7578125,28011.89453125,-56270.56640625
705,10.847044944763184,-14099.359375,-13987.533203125,-28319.40234375,28086.892578125,28101.751953125,-56407.1796875
706,10.653271675109863,-14132.125,-14008.91796875,-28352.556640625,28141.04296875,28156.6640625,-56520.9453125
707,10.62066650390625,-14173.759765625,-14066.533203125,-28425.59765625,28240.29296875,28256.25,-56634.40234375
708,10.626582145690918,-14209.025390625,-14086.4921875,-28502.55859375,28295.517578125,28311.671875,-56775.53515625
709,10.661102294921875,-14232.470703125,-14052.341796875,-28553.236328125,28284.8125,28302.21875,-56817.9921875
710,10.640238761901855,-14237.9326171875,-14104.9755859375,-28615.7109375,28342.908203125,28357.890625,-56909.5390625
711,10.709186553955078,-14237.5546875,-14124.171875,-28677.203125,28361.7265625,28376.9921875,-56985.9375
712,10.688165664672852,-14247.37109375,-14163.2470703125,-28741.51171875,28410.6171875,28425.93359375,-57089.640625
713,10.627609252929688,-14279.75390625,-14174.119140625,-28796.86328125,28453.873046875,28469.240234375,-57234.98046875
714,10.586939811706543,-14319.986328125,-14199.455078125,-28854.71875,28519.44140625,28535.00390625,-57404.69140625
715,10.559898376464844,-14366.72265625,-14201.69140625,-28914.740234375,28568.4140625,28583.400390625,-57537.75
716,10.477558135986328,-14414.9443359375,-14245.53125,-28976.015625,28660.4765625,28675.33984375,-57650.0390625
717,10.399346351623535,-14456.2265625,-14269.376953125,-29041.92578125,28725.603515625,28739.587890625,-57792.984375
718,10.262618064880371,-14499.552734375,-14288.712890625,-29079.34375,28788.265625,28803.7578125,-57889.94140625
719,10.111489295959473,-14541.04296875,-14332.85546875,-29160.78125,28873.8984375,28888.689453125,-58055.30078125
720,9.880908966064453,-14580.37109375,-14356.833984375,-29207.75,28937.205078125,28951.490234375,-58152.5390625
721,9.687398910522461,-14625.08984375,-14417.978515625,-29282.978515625,29043.068359375,29056.6328125,-58310.578125
722,9.443344116210938,-14670.2021484375,-14435.310546875,-29339.4765625,29105.51171875,29118.259765625,-58443.09375
723,9.159012794494629,-14716.1796875,-14466.3447265625,-29399.44140625,29182.5234375,29195.32421875,-58548.8125
724,8.896997451782227,-14752.58203125,-14464.71484375,-29464.1796875,29217.296875,29229.51171875,-58695.83984375
725,8.485359191894531,-14778.33984375,-14485.29296875,-29528.78125,29263.6328125,29275.958984375,-58818.8125
726,8.084516525268555,-14793.998046875,-14529.7666015625,-29580.38671875,29323.765625,29335.8671875,-58870.49609375
727,7.620500564575195,-14809.76953125,-14553.9677734375,-29628.525390625,29363.73828125,29374.203125,-58950.484375
728,6.898980617523193,-14808.0380859375,-14561.837890625,-29697.75390625,29369.875,29379.220703125,-59048.10546875
729,6.531732082366943,-14820.640625,-14601.91015625,-29749.62109375,29422.55078125,29431.744140625,-59194.48046875
730,5.914013385772705,-14858.033203125,-14637.4697265625,-29810.865234375,29495.50390625,29504.681640625,-59314.18359375
731,5.26747465133667,-14895.427734375,-14712.609375,-29873.4765625,29608.037109375,29616.34765625,-59506.140625
732,4.724887847900391,-14939.0869140625,-14735.787109375,-29937.4609375,29674.875,29682.755859375,-59612.0390625
733,4.369259834289551,-14986.46484375,-14762.634765625,-29994.62109375,29749.099609375,29756.30859375,-59762.4296875
734,3.8112378120422363,-15026.837890625,-14786.25,-30050.39453125,29813.087890625,29819.509765625,-59840.3984375
735,3.393031597137451,-15048.453125,-14841.1162109375,-30113.947265625,29889.5703125,29895.919921875,-59985.6328125
736,3.137316942214966,-15075.0908203125,-14851.080078125,-30177.03125,29926.171875,29931.80859375,-60087.890625
737,2.6745481491088867,-15094.212890625,-14850.900390625,-30184.82421875,29945.11328125,29949.89453125,-60116.09375
738,2.3404436111450195,-15101.8232421875,-14925.32421875,-30202.41796875,30027.1484375,30032.013671875,-60115.40234375
739,2.260477066040039,-15091.341796875,-14913.314453125,-30235.087890625,30004.65625,30008.869140625,-59596.7578125
740,1.780290126800537,-15033.3388671875,-14751.318359375,-26729.93359375,29784.65625,29789.46875,-52981.60546875
741,1.5164401531219482,-14665.376953125,-14634.3837890625,-29018.875,29299.76171875,29304.01171875,-57276.53515625
742,1.4774190187454224,-14400.529296875,-14089.421875,-29015.62109375,28489.951171875,28494.53125,-58164.4296875
743,1.4986670017242432,-14761.927734375,-14574.7587890625,-29560.84765625,29336.6875,29341.486328125,-58447.0
744,1.4939491748809814,-14703.8828125,-14470.830078125,-28219.81640625,29174.712890625,29180.5234375,-55664.1796875
745,1.4404075145721436,-14799.0791015625,-14485.962890625,-29205.390625,29285.04296875,29289.048828125,-57588.03125
746,1.425705909729004,-14660.2578125,-13536.7109375,-28805.5625,28196.96875,28201.13671875,-51868.890625
747,1.5355706214904785,-13817.150390625,-13020.76171875,-27402.927734375,26837.912109375,26844.203125,-55292.140625
748,1.779709815979004,-14783.2158203125,-13756.38671875,-29372.50390625,28539.6015625,28546.87890625,-57012.546875
749,2.0622572898864746,-14883.94140625,-13755.6328125,-29838.96875,28639.57421875,28646.822265625,-58699.44921875
750,2.205528736114502,-15016.73046875,-14147.732421875,-29974.287109375,29164.462890625,29173.26953125,-59391.8671875
751,2.237103223800659,-15169.841796875,-14327.970703125,-30326.97265625,29497.8125,29506.662109375,-60040.5546875
752,2.184443950653076,-15267.74609375,-14796.224609375,-30460.919921875,30063.970703125,30071.98046875,-60491.39453125
753,2.138331890106201,-15378.0390625,-14789.75,-30355.8515625,30167.7890625,30175.119140625,-60421.6484375
754,2.118042230606079,-15429.14453125,-14885.388671875,-30633.869140625,30314.533203125,30321.654296875,-61028.46875
755,2.049022912979126,-15467.5791015625,-14931.53515625,-30926.380859375,30399.11328125,30405.369140625,-61331.390625
756,1.9191398620605469,-15511.5078125,-15137.728515625,-30702.935546875,30649.236328125,30655.6796875,-61202.953125
757,1.9756406545639038,-15533.1494140625,-15145.798828125,-30897.97265625,30678.94921875,30686.158203125,-61384.6328125
758,1.8653624057769775,-15535.333984375,-15215.55859375,-30939.6640625,30750.892578125,30757.560546875,-61518.28515625
759,1.7330303192138672,-15603.62109375,-15101.650390625,-31249.765625,30705.271484375,30711.572265625,-61907.0703125
760,1.7650820016860962,-15637.669921875,-15228.1083984375,-30856.703125,30865.77734375,30872.15625,-59982.66015625
761,1.7451751232147217,-15159.0517578125,-14641.1787109375,-25865.87109375,29800.23046875,29806.69921875,-15407.529296875
762,1.5565789937973022,-13943.94921875,-13904.6884765625,-25775.79296875,27848.63671875,27855.375,-46627.19140625
763,1.2710130214691162,-10772.7373046875,-12843.4921875,-24236.1953125,23616.23046875,23624.265625,-43254.53125
764,0.9616150856018066,-12101.330078125,-13854.4052734375,-26257.5859375,25955.734375,25962.900390625,-48185.4375
765,1.0702694654464722,-11892.9619140625,-13073.443359375,-24584.04296875,24966.40625,24974.048828125,-49688.484375
766,1.0185701847076416,-13568.705078125,-14077.8466796875,-26093.01953125,27646.55078125,27654.37890625,-50866.390625
767,1.1241495609283447,-13564.115234375,-13496.2744140625,-28407.4609375,27060.390625,27067.46875,-54160.0078125
768,1.363349199295044,-13963.37109375,-14043.05859375,-29942.826171875,28006.4296875,28013.91015625,-57795.8984375
769,1.4485142230987549,-13846.951171875,-13984.763671875,-29957.921875,27831.71484375,27838.39453125,-59306.4140625
770,1.6243517398834229,-15034.181640625,-14983.9580078125,-30997.841796875,30018.140625,30025.244140625,-60841.234375
771,1.7054822444915771,-15342.8134765625,-14833.525390625,-30899.486328125,30176.33984375,30183.873046875,-61219.6875
772,1.6785091161727905,-15456.94140625,-14892.533203125,-30758.865234375,30349.474609375,30357.5390625,-61252.0
773,1.6012953519821167,-15615.5078125,-15254.896484375,-31248.70703125,30870.404296875,30877.8046875,-61518.59765625
774,1.5901663303375244,-15669.650390625,-14863.2265625,-31152.228515625,30532.876953125,30540.390625,-61506.3359375
775,1.592942237854004,-15762.341796875,-15020.5546875,-31019.41796875,30782.896484375,30789.501953125,-61597.70703125
776,1.5719228982925415,-15807.841796875,-15329.494140625,-31192.1328125,31137.3359375,31144.033203125,-61912.0859375
777,1.7187799215316772,-15809.3564453125,-15220.94921875,-31678.826171875,31030.3046875,31036.859375,-62850.1796875
778,1.4684826135635376,-15891.6943359375,-15485.6494140625,-32060.564453125,31377.34375,31384.146484375,-63398.0078125
779,1.4914016723632812,-15992.220703125,-15630.4873046875,-32158.857421875,31622.70703125,31629.712890625,-63747.58984375
780,1.339442491531372,-15979.912109375,-15623.728515625,-32380.603515625,31603.640625,31609.58203125,-64150.98046875
781,1.3532859086990356,-16091.90234375,-15862.095703125,-32471.208984375,31953.998046875,31959.455078125,-64366.1796875
782,1.299454927444458,-16141.9501953125,-15855.462890625,-32455.48828125,31997.4140625,32003.302734375,-64515.203125
783,1.274050235748291,-16163.8310546875,-15959.484375,-32355.74609375,32123.31640625,32129.029296875,-64488.2109375
784,1.1989343166351318,-16230.947265625,-16051.986328125,-32631.76953125,32282.93359375,32288.947265625,-64947.97265625
785,1.1748424768447876,-16274.701171875,-16143.728515625,-32595.458984375,32418.4296875,32424.25390625,-65005.91796875
786,1.3090994358062744,-16291.98828125,-16091.5625,-32587.26953125,32383.55078125,32389.529296875,-65042.05859375
787,1.1552197933197021,-16369.3349609375,-16266.0810546875,-32690.212890625,32635.416015625,32641.23046875,-65164.21875
788,1.2394959926605225,-16433.037109375,-16232.716796875,-32760.48828125,32665.75390625,32671.23046875,-65233.26953125
789,1.233120083808899,-16404.060546875,-16190.3359375,-33018.328125,32594.396484375,32600.8046875,-65779.796875
790,1.2903081178665161,-16478.78515625,-16295.4638671875,-32976.39453125,32774.25,32780.421875,-65578.5078125
791,1.4182562828063965,-16540.5234375,-16383.4931640625,-32983.78125,32924.015625,32929.8828125,-65697.015625
792,1.4122815132141113,-16474.1953125,-16295.484375,-32860.5859375,32769.6796875,32776.08203125,-65882.984375
793,1.3850970268249512,-16537.1171875,-16432.5234375,-33357.6640625,32969.640625,32975.65234375,-66150.4765625
794,1.4398083686828613,-16439.837890625,-16394.390625,-33004.140625,32834.2265625,32840.734375,-66066.390625
795,1.5989245176315308,-16512.5390625,-16508.56640625,-33279.58203125,33021.10546875,33028.546875,-66029.125
796,1.5669336318969727,-16470.87890625,-16530.642578125,-33315.5234375,33001.5234375,33007.21484375,-66087.15625
797,1.6961849927902222,-16539.462890625,-16544.697265625,-33363.19140625,33084.16015625,33091.5703125,-66380.8828125
798,1.8545231819152832,-16591.6875,-16627.197265625,-33329.5859375,33218.8828125,33226.85546875,-66356.671875
799,1.9029749631881714,-16631.84375,-16404.453125,-33490.9296875,33036.296875,33043.5703125,-66807.875
800,2.055809259414673,-16658.583984375,-16622.5078125,-33416.41796875,33281.09375,33289.37890625,-66523.765625
801,2.1006994247436523,-16703.392578125,-16625.53515625,-33812.7265625,33328.9296875,33336.31640625,-67127.078125
802,2.1710994243621826,-16771.951171875,-16650.9296875,-33676.47265625,33422.8828125,33430.88671875,-67188.390625
803,2.327495813369751,-16788.4296875,-16719.373046875,-33841.421875,33507.8046875,33515.85546875,-67309.2578125
804,2.4350595474243164,-16863.78125,-16642.9140625,-33928.453125,33506.6953125,33513.5546875,-67540.125
805,2.441551446914673,-16871.03125,-16813.77734375,-34179.59375,33684.80859375,33691.63671875,-67779.34375
806,2.4553563594818115,-16904.6015625,-16795.18359375,-34145.2109375,33699.78515625,33706.96875,-67725.375
807,2.4616165161132812,-16913.85546875,-16879.701171875,-34238.38671875,33793.5546875,33800.62109375,-68004.0
808,2.576911687850952,-16942.611328125,-16908.234375,-34132.98828125,33850.84375,33858.2734375,-67902.765625
809,2.5498197078704834,-16984.580078125,-16922.384765625,-34298.7109375,33906.96484375,33914.77734375,-67990.359375
810,2.577174186706543,-17025.2890625,-16874.537109375,-34362.75,33899.828125,33907.53515625,-68464.6484375
811,2.540347099304199,-17059.203125,-17042.8359375,-34391.8359375,34102.0390625,34109.28515625,-68402.5390625
812,2.4401094913482666,-17095.23046875,-16997.86328125,-34682.65625,34093.09375,34100.4375,-68777.625
813,2.477407217025757,-17133.765625,-17005.75390625,-34509.625,34139.51953125,34146.45703125,-68658.3125
814,2.3789544105529785,-17138.4140625,-17193.6328125,-34740.13671875,34332.046875,34338.30078125,-69036.8828125
815,2.42097806930542,-17149.7890625,-17008.953125,-34779.83984375,34158.7421875,34165.3125,-69211.0859375
816,2.2810497283935547,-17165.49609375,-17228.84375,-34982.58984375,34394.33984375,34400.875,-69352.7734375
817,2.1875383853912354,-17202.06640625,-17218.998046875,-34971.265625,34421.0625,34427.140625,-69333.0078125
818,2.0571258068084717,-17221.046875,-17282.3125,-35053.8359375,34503.359375,34509.50390625,-69566.046875
819,1.9881749153137207,-17246.751953125,-17353.94140625,-34833.1484375,34600.6953125,34606.296875,-69362.7734375
820,2.083024024963379,-17256.0859375,-17375.1484375,-35232.2578125,34631.234375,34637.34765625,-69821.5625
821,1.8606425523757935,-17271.73828125,-17358.251953125,-35228.4453125,34629.9921875,34636.15625,-69945.3203125
822,2.0767781734466553,-17317.65234375,-17402.60546875,-35228.3359375,34720.2578125,34725.56640625,-69998.0703125
823,2.0765647888183594,-17360.5703125,-17440.130859375,-35458.1796875,34800.703125,34806.6875,-70298.8828125
824,2.1531567573547363,-17393.5390625,-17510.390625,-35456.28125,34903.9296875,34910.54296875,-70314.0
825,2.177955150604248,-17429.82421875,-17539.763671875,-35375.6171875,34969.5859375,34975.4140625,-70380.515625
826,2.1435353755950928,-17469.8359375,-17524.146484375,-35600.578125,34993.984375,35000.81640625,-70664.78125
827,2.267744541168213,-17491.94921875,-17514.849609375,-35677.77734375,35006.796875,35013.76171875,-70741.15625
828,2.3791489601135254,-17573.705078125,-17536.421875,-35583.9921875,35110.125,35116.390625,-70742.5703125
829,2.4181368350982666,-17611.765625,-17539.10546875,-35695.578125,35150.87109375,35157.24609375,-70892.765625
830,2.492426633834839,-17641.82421875,-17634.666015625,-35837.3828125,35276.4921875,35283.015625,-71104.6953125
831,2.4433705806732178,-17693.07421875,-17608.296875,-35813.515625,35301.37109375,35307.90234375,-70736.546875
832,2.5252482891082764,-17733.26953125,-17486.328125,-35822.97265625,35219.59765625,35226.5625,-71093.9921875
833,3.0186829566955566,-17762.16015625,-17413.16796875,-35924.328125,35175.328125,35182.5234375,-71250.0234375
834,3.002971649169922,-17809.44140625,-17772.3203125,-36189.87890625,35581.76171875,35588.76171875,-71515.78125
835,3.104081630706787,-17760.748046875,-17502.390625,-35908.390625,35263.140625,35270.78125,-71560.2109375
836,3.3015825748443604,-17816.02734375,-17795.330078125,-36174.9375,35611.359375,35618.98046875,-71863.3125
837,3.3111119270324707,-17925.03515625,-17744.984375,-36172.78125,35670.01953125,35677.01953125,-71780.1640625
838,3.374350070953369,-17955.49609375,-17874.2265625,-36351.7421875,35829.72265625,35836.234375,-72341.4453125
839,3.3211655616760254,-18011.03125,-17984.755859375,-36483.5390625,35995.7890625,36004.046875,-72530.03125
840,3.3648931980133057,-18042.60546875,-18031.6640625,-36476.4453125,36074.26953125,36081.0859375,-72583.1796875
841,3.5293686389923096,-18131.57421875,-18074.80078125,-36645.7421875,36206.375,36214.0703125,-72871.625
842,3.529278039932251,-18156.98046875,-18065.55859375,-36326.0703125,36222.5390625,36229.0,-72524.734375
843,3.4862804412841797,-18253.0625,-18172.484375,-36669.1875,36425.546875,36431.8203125,-73102.65625
844,3.499858856201172,-18236.84375,-18182.30078125,-36931.578125,36419.14453125,36426.90625,-73407.890625
845,3.7535200119018555,-18315.234375,-18257.642578125,-36999.0625,36572.875,36580.5546875,-73593.46875
846,3.607778549194336,-18328.623046875,-18263.681640625,-37057.65625,36592.3046875,36599.73046875,-73726.9609375
847,4.072282791137695,-18434.8046875,-18306.2421875,-37126.7734375,36741.046875,36748.5234375,-73805.96875
848,3.8009965419769287,-18436.169921875,-18365.84375,-37218.6875,36802.015625,36809.09765625,-73980.5
849,4.067401885986328,-18463.8828125,-18349.546875,-37301.94921875,36813.4296875,36820.5546875,-74159.8828125
850,4.021029472351074,-18511.900390625,-18369.994140625,-37357.328125,36881.89453125,36888.953125,-74267.2109375
851,3.848113536834717,-18520.1484375,-18401.384765625,-37390.00390625,36921.53125,36928.37109375,-74402.09375
852,3.9052748680114746,-18538.216796875,-18449.34375,-37477.5,36987.5625,36995.2734375,-74536.984375
853,4.104689121246338,-18593.880859375,-18516.552734375,-37579.3984375,37110.43359375,37119.0234375,-74695.0390625
854,3.8301033973693848,-18587.7578125,-18531.244140625,-37676.73046875,37119.0,37127.61328125,-74888.1875
855,4.190151691436768,-18710.607421875,-18610.701171875,-37760.38671875,37321.30859375,37328.546875,-75077.125
856,4.100147247314453,-18692.58203125,-18617.4765625,-37810.890625,37310.05859375,37318.3671875,-75242.8984375
857,4.155941486358643,-18771.3046875,-18682.2890625,-37892.25,37453.59375,37461.63671875,-75363.0859375
858,4.065670013427734,-18772.1484375,-18682.83984375,-37932.2109375,37454.98828125,37463.12890625,-75415.578125
859,4.03983736038208,-18835.830078125,-18693.4375,-37983.19140625,37529.265625,37537.93359375,-75501.1015625
860,4.2557783126831055,-18937.6875,-18768.365234375,-38106.5078125,37706.0546875,37715.1640625,-75734.390625
861,4.36147403717041,-18914.0234375,-18772.513671875,-38205.0,37686.5390625,37694.16015625,-75896.15625
862,4.341174125671387,-18943.919921875,-18847.640625,-38244.40625,37791.5625,37799.234375,-76023.6953125
863,4.290163040161133,-18983.6875,-18868.205078125,-38273.796875,37851.890625,37859.7421875,-76141.875
864,3.935182571411133,-18920.12109375,-18922.6328125,-38414.9140625,37842.75390625,37850.97265625,-76350.625
865,4.4081926345825195,-19044.859375,-18977.08203125,-38448.66796875,38021.94140625,38030.5234375,-76511.265625
866,4.095314025878906,-19017.900390625,-18995.865234375,-38517.0078125,38013.765625,38023.109375,-76582.609375
867,4.0752339363098145,-19088.193359375,-18995.3671875,-38578.3515625,38083.5625,38092.09765625,-76764.3046875
868,4.276670455932617,-19126.54296875,-19108.12109375,-38700.91796875,38234.6640625,38242.2109375,-76967.890625
869,4.185485363006592,-19162.39453125,-19093.203125,-38784.90234375,38255.59765625,38264.703125,-77051.375
870,4.157325267791748,-19225.125,-19154.1875,-38839.53125,38379.3125,38387.3671875,-77123.0
871,4.105861663818359,-19278.966796875,-19196.171875,-38921.6171875,38475.140625,38483.859375,-77375.234375
872,4.360538005828857,-19308.5625,-19209.990234375,-39003.45703125,38518.5546875,38527.59375,-77532.921875
873,4.346686363220215,-19357.1796875,-19228.466796875,-39059.59375,38585.6484375,38594.0234375,-77624.3046875
874,3.6097283363342285,-19285.482421875,-19289.8515625,-39153.1171875,38575.3359375,38583.43359375,-77823.96875
875,4.042762279510498,-19378.51171875,-19290.990234375,-39227.6171875,38669.5,38677.640625,-77960.875
876,3.777470827102661,-19392.65625,-19330.228515625,-39231.23046875,38722.8828125,38730.57421875,-78003.15625
877,3.841050148010254,-19443.81640625,-19412.771484375,-39331.56640625,38856.5859375,38864.33984375,-78189.8203125
878,3.9403200149536133,-19484.375,-19427.994140625,-39408.18359375,38912.3671875,38920.67578125,-78332.0
879,4.056873798370361,-19540.984375,-19440.03125,-39474.9765625,38981.015625,38989.40234375,-78475.7109375
880,3.870765209197998,-19546.9375,-19535.9921875,-39592.609375,39082.9296875,39090.68359375,-78628.2109375
881,3.9809317588806152,-19615.138671875,-19460.439453125,-39675.91796875,39075.578125,39083.48828125,-78824.234375
882,4.0259904861450195,-19655.46484375,-19506.701171875,-39640.33984375,39162.1640625,39169.953125,-78839.0390625
883,3.673919439315796,-19663.01953125,-19544.11328125,-39682.4296875,39207.1328125,39214.04296875,-78936.5703125
884,3.9319229125976562,-19716.66796875,-19608.943359375,-39830.0859375,39325.609375,39333.4296875,-79195.84375
885,3.7499747276306152,-19739.212890625,-19602.546875,-39962.9453125,39341.7578125,39349.7265625,-79331.3125
886,3.588411569595337,-19736.8125,-19679.19140625,-40036.796875,39416.00390625,39423.328125,-79419.0703125
887,3.4239273071289062,-19777.88671875,-19699.26953125,-40060.3203125,39477.15625,39484.51171875,-79503.71875
888,3.5863759517669678,-19836.73046875,-19731.515625,-40134.0625,39568.24609375,39576.3125,-79649.5703125
889,3.153183698654175,-19820.259765625,-19697.703125,-40218.56640625,39517.9609375,39524.921875,-79676.796875
890,2.986809730529785,-19821.611328125,-19727.517578125,-40158.0078125,39549.12890625,39556.24609375,-79583.0078125
891,2.416121006011963,-19800.45703125,-19700.681640625,-40258.46875,39501.140625,39507.703125,-79685.765625
892,2.16520619392395,-19773.16796875,-19769.328125,-40264.57421875,39542.49609375,39548.73046875,-79774.53125
893,2.243703603744507,-19864.72265625,-19781.90625,-40469.47265625,39646.62890625,39652.3984375,-80177.28125
894,2.0559115409851074,-19935.939453125,-19837.75390625,-40531.26171875,39773.6953125,39780.19140625,-80269.46875
895,1.9314935207366943,-19973.203125,-19872.34765625,-40592.0234375,39845.55078125,39851.75390625,-80432.4765625
896,1.844889521598816,-20035.107421875,-19952.37890625,-40673.39453125,39987.484375,39994.0,-80672.5
897,1.7313979864120483,-20085.802734375,-19989.87890625,-40736.7109375,40075.6796875,40082.01171875,-80870.234375
898,1.6885607242584229,-20111.4765625,-20042.826171875,-40863.65625,40154.3046875,40161.32421875,-81052.5859375
899,1.729403018951416,-20207.857421875,-20091.90625,-40960.48046875,40299.765625,40306.3125,-81265.3984375
900,1.4608771800994873,-20198.6015625,-20081.619140625,-40971.44921875,40280.21875,40287.6171875,-81341.9375
901,1.5645533800125122,-20253.6953125,-20161.33984375,-41077.80078125,40415.03515625,40422.671875,-81496.78125
902,1.7955528497695923,-20320.43359375,-20193.216796875,-41183.1328125,40513.6484375,40520.9921875,-81689.21875
903,1.6837657690048218,-20330.48828125,-20200.9609375,-41242.85546875,40531.44921875,40538.2578125,-81766.8671875
904,1.4513676166534424,-20321.9765625,-20249.14453125,-41360.7734375,40571.12109375,40577.30859375,-82006.96875
905,1.674736499786377,-20409.033203125,-20315.04296875,-41394.5625,40724.078125,40730.015625,-82103.7890625
906,1.8468005657196045,-20466.72265625,-20305.33203125,-41497.90234375,40772.0546875,40778.62109375,-82300.84375
907,1.6163873672485352,-20456.87890625,-20375.736328125,-41501.6484375,40832.6171875,40840.31640625,-82326.5703125
908,1.8291773796081543,-20543.48046875,-20345.373046875,-41625.2109375,40888.8515625,40895.77734375,-82572.234375
909,1.652603268623352,-20486.4765625,-20372.080078125,-41702.4140625,40858.5546875,40865.4453125,-82659.3671875
910,1.750555157661438,-20551.09375,-20489.75,-41622.953125,41040.84375,41047.1640625,-82653.7109375
911,1.68880033493042,-20623.080078125,-20472.31640625,-41789.69140625,41095.3984375,41101.9453125,-82934.5390625
912,1.7681349515914917,-20671.67578125,-20607.48828125,-41936.4765625,41279.1640625,41285.8671875,-83094.0390625
913,1.9024337530136108,-20653.943359375,-20615.38671875,-41960.2734375,41269.328125,41276.80078125,-83197.5546875
914,1.8039988279342651,-20698.451171875,-20574.0390625,-42082.60546875,41272.4921875,41279.6171875,-83361.4296875
915,1.9061022996902466,-20707.9765625,-20632.208984375,-42192.68359375,41340.1875,41347.41796875,-83496.921875
916,2.0378241539001465,-20732.939453125,-20656.01953125,-42223.453125,41388.9609375,41396.3984375,-83644.8515625
917,2.2556610107421875,-20750.7578125,-20731.953125,-42343.359375,41482.7109375,41490.0625,-83804.515625
918,2.271174430847168,-20798.244140625,-20707.326171875,-42360.94140625,41505.5703125,41513.01953125,-83919.921875
919,2.135209560394287,-20833.23046875,-20801.19921875,-42426.71875,41634.4296875,41640.890625,-84040.359375
920,2.463433027267456,-20899.01171875,-20819.384765625,-42513.890625,41718.3984375,41725.3671875,-84238.6953125
921,2.4779019355773926,-20948.591796875,-20878.5,-42590.6171875,41827.09375,41834.65234375,-84394.375
922,2.423787832260132,-20972.21875,-20877.296875,-42709.60546875,41849.515625,41856.46875,-84602.234375
923,2.658517837524414,-21044.8046875,-20988.673828125,-42763.2109375,42033.4765625,42040.15234375,-84668.0
924,2.701673746109009,-21087.53515625,-20951.8203125,-42857.47265625,42039.35546875,42046.9765625,-84892.515625
925,2.6112630367279053,-21116.26171875,-21017.734375,-42853.53125,42133.99609375,42141.12890625,-84955.640625
926,2.8051443099975586,-21158.47265625,-21091.873046875,-43010.5078125,42250.34375,42257.34375,-85208.375
927,2.9092705249786377,-21197.44140625,-21091.3125,-43093.609375,42288.75390625,42295.9375,-85412.1484375
928,2.7731540203094482,-21214.10546875,-21161.9296875,-43188.7890625,42376.03515625,42383.28125,-85583.5390625
929,2.789982557296753,-21230.0,-21178.1953125,-43258.640625,42408.1953125,42415.4140625,-85714.34375
930,2.5235109329223633,-21249.466796875,-21174.74609375,-43314.68359375,42424.2109375,42431.71484375,-85856.34375
931,3.079497814178467,-21343.7265625,-21246.212890625,-43390.93359375,42589.9375,42597.22265625,-86044.3125
932,2.3958497047424316,-21335.416015625,-21281.890625,-43458.359375,42617.3046875,42623.67578125,-86107.859375
933,3.074864387512207,-21420.236328125,-21331.236328125,-43534.7578125,42751.47265625,42758.265625,-86303.21875
934,2.833613872528076,-21440.73046875,-21402.853515625,-43645.20703125,42843.5859375,42850.7734375,-86495.1328125
935,2.7929391860961914,-21500.923828125,-21419.37890625,-43688.04296875,42920.3046875,42926.66796875,-86633.796875
936,2.83777117729187,-21525.341796875,-21433.37890625,-43761.234375,42958.71875,42965.7421875,-86747.4921875
937,2.776991844177246,-21547.94140625,-21459.080078125,-43810.87890625,43007.0234375,43013.609375,-86857.0546875
938,2.6538944244384766,-21575.408203125,-21460.05859375,-43910.96875,43035.46875,43042.12109375,-86943.5703125
939,2.7649550437927246,-21678.046875,-21517.416015625,-43978.8828125,43195.4609375,43202.375,-87105.828125
940,2.83038592338562,-21722.759765625,-21606.69140625,-44094.33203125,43329.453125,43336.65234375,-87431.28125
941,2.5912623405456543,-21697.775390625,-21615.81640625,-44139.5390625,43313.59375,43320.02734375,-87514.8671875
942,2.5300190448760986,-21741.923828125,-21671.91015625,-44252.484375,43413.8359375,43420.359375,-87616.390625
943,2.4632439613342285,-21808.44921875,-21669.6171875,-44289.5703125,43478.06640625,43484.7109375,-87727.28125
944,2.33756160736084,-21833.5859375,-21718.453125,-44401.28125,43552.0390625,43558.74609375,-88001.203125
945,2.1771202087402344,-21891.935546875,-21775.69140625,-44316.41796875,43667.625,43673.7890625,-87968.359375
946,2.201146125793457,-21874.296875,-21790.5234375,-44527.1640625,43664.8203125,43670.55859375,-88224.59375
947,2.3497977256774902,-21992.890625,-21851.66796875,-44644.24609375,43844.55859375,43850.62890625,-88414.5
948,2.074808359146118,-21956.95703125,-21844.33984375,-44657.96484375,43801.296875,43807.44921875,-88487.9765625
949,2.0059375762939453,-22026.234375,-21925.8125,-44742.34375,43952.046875,43957.05859375,-88624.7421875
950,2.0417885780334473,-22100.01953125,-21898.90625,-44797.671875,43998.92578125,44005.16796875,-88758.5
951,1.9581317901611328,-22097.58984375,-21942.37109375,-44869.5,44039.9609375,44045.69921875,-88980.7734375
952,1.8572665452957153,-22122.60546875,-22013.25390625,-44993.6875,44135.859375,44141.58984375,-89119.046875
953,1.7869393825531006,-22167.76953125,-22037.201171875,-45014.12109375,44204.96875,44210.10546875,-89195.1484375
954,1.8471646308898926,-22205.09375,-22144.8515625,-45143.609375,44349.9453125,44357.359375,-89461.015625
955,1.8511594533920288,-22255.1328125,-22135.62109375,-45165.8984375,44390.75390625,44396.52734375,-89513.8515625
956,1.7843161821365356,-22273.35546875,-22187.599609375,-45196.36328125,44460.953125,44466.59765625,-89597.484375
957,1.5945663452148438,-22298.34375,-22098.296875,-45382.2578125,44396.640625,44403.19140625,-89922.9453125
958,1.9927973747253418,-22364.607421875,-22255.61328125,-45391.14453125,44620.21875,44626.7578125,-89971.1953125
959,1.8366163969039917,-22361.88671875,-22222.412109375,-45552.2109375,44584.296875,44591.99609375,-90106.765625
960,2.104226589202881,-22425.25390625,-22295.79296875,-45624.22265625,44721.046875,44729.4296875,-90255.4375
961,1.976106882095337,-22385.142578125,-22406.31640625,-45695.2734375,44791.4609375,44797.4609375,-90585.7109375
962,2.5152573585510254,-22494.59375,-22470.935546875,-45652.859375,44965.53125,44972.6484375,-90586.8515625
963,2.1889286041259766,-22490.91796875,-22436.90234375,-45885.21484375,44927.8203125,44935.5625,-90911.640625
964,2.587887763977051,-22580.55859375,-22569.0234375,-45911.0390625,45149.58203125,45157.484375,-91035.265625
965,2.644474983215332,-22625.599609375,-22566.6015625,-46039.0703125,45192.203125,45200.00390625,-91198.859375
966,2.859149217605591,-22673.958984375,-22632.46875,-46140.1484375,45306.4296875,45314.28125,-91396.484375
967,2.8366434574127197,-22706.484375,-22649.21875,-46189.47265625,45355.703125,45363.71875,-91605.75
968,2.9786264896392822,-22756.8046875,-22757.3203125,-46285.2265625,45514.125,45523.1328125,-91796.984375
969,3.0005404949188232,-22793.12890625,-22713.724609375,-46362.828125,45506.8515625,45515.50390625,-91865.703125
970,2.8888094425201416,-22822.78125,-22807.083984375,-46464.640625,45629.8671875,45637.6640625,-92108.484375
971,3.000047445297241,-22892.783203125,-22843.830078125,-46527.921875,45736.61328125,45745.12109375,-92279.828125
972,2.707085132598877,-22866.56640625,-22898.984375,-46586.50390625,45765.55078125,45773.78515625,-92258.328125
973,2.6294965744018555,-22889.890625,-22854.625,-46615.12890625,45744.515625,45752.16015625,-92112.5234375
974,2.451653003692627,-22854.25390625,-22712.83984375,-46588.2734375,45567.09375,45577.35546875,-92033.09375
975,2.179767608642578,-22868.9453125,-22789.2734375,-46736.83984375,45658.21875,45666.9140625,-92489.890625
976,2.1003894805908203,-22924.890625,-22873.80078125,-46869.01171875,45798.69140625,45810.72265625,-92755.4296875
977,2.2838733196258545,-22972.791015625,-22940.640625,-46895.859375,45913.4296875,45924.640625,-92869.4140625
978,2.1589062213897705,-23031.6484375,-22971.3671875,-46999.6640625,46003.015625,46013.671875,-93090.2890625
979,2.134087562561035,-23104.203125,-23065.80078125,-47112.984375,46170.00390625,46181.19921875,-93296.59375
980,2.0789363384246826,-23150.509765625,-23123.8984375,-47209.3515625,46274.40625,46284.26953125,-93489.921875
981,2.134864568710327,-23196.701171875,-23112.78125,-47287.8671875,46309.484375,46320.4140625,-93595.7578125
982,2.011465072631836,-23217.31640625,-23183.4140625,-47326.1484375,46400.73046875,46412.62890625,-93699.953125
983,1.7824076414108276,-23247.361328125,-23233.3828125,-47373.34375,46480.7421875,46492.91015625,-93888.953125
984,1.5375676155090332,-23322.390625,-23250.74609375,-47550.91796875,46573.13671875,46584.3359375,-94230.703125
985,1.4546489715576172,-23425.83984375,-23287.865234375,-47598.734375,46713.703125,46724.8125,-94249.234375
986,1.5070531368255615,-23484.22265625,-23294.1875,-47704.9453125,46778.41015625,46787.15625,-94454.4375
987,1.9950823783874512,-23488.705078125,-23354.83203125,-47779.34375,46843.5390625,46853.7890625,-94612.7265625
988,2.0579769611358643,-23562.234375,-23411.640625,-47876.7578125,46973.875,46982.80859375,-94877.125
989,2.2480673789978027,-23637.92578125,-23366.873046875,-47899.2890625,47004.796875,47013.63671875,-94941.9296875
990,2.2803282737731934,-23694.5703125,-23440.70703125,-48031.41015625,47135.27734375,47143.91015625,-95194.40625
991,2.3460209369659424,-23747.02734375,-23471.8828125,-48122.7734375,47218.91015625,47227.609375,-95341.421875
992,2.3414602279663086,-23781.822265625,-23476.203125,-48162.0390625,47258.0234375,47266.94140625,-95412.90625
993,2.534839630126953,-23843.69921875,-23521.1484375,-48215.17578125,47364.84765625,47373.40625,-95608.4296875
994,2.546926975250244,-23849.69921875,-23571.80078125,-48345.8203125,47421.5,47429.796875,-95815.75
995,2.5502097606658936,-23897.787109375,-23624.84765625,-48430.15625,47522.6328125,47530.8359375,-95906.703125
996,2.6672801971435547,-23927.40625,-23624.158203125,-48530.65625,47551.5625,47559.6875,-96053.484375
997,2.3326892852783203,-23815.384765625,-23652.37890625,-48595.7265625,47467.765625,47474.1640625,-96166.0703125
998,2.4383256435394287,-23866.80078125,-23728.9921875,-48613.875,47595.79296875,47602.62109375,-96319.96875
999,2.286604404449463,-23927.8203125,-23811.0859375,-48769.8203125,47738.90625,47746.2265625,-96512.546875
1000,2.433147668838501,-23984.86328125,-23831.93359375,-48818.296875,47816.796875,47824.08203125,-96613.1875
